"","workerid","class","predicate","slide_number","response","language","condition"
"53",2,"shape","square",3,0.11,"English","inherent"
"54",2,"age","rotten",4,0.06,"English","inherent"
"55",2,"texture","hard",5,0.5,"English","inherent"
"56",2,"size","tiny",6,0.19,"English","inherent"
"57",2,"texture","soft",7,0.44,"English","inherent"
"58",2,"age","fresh",8,0.69,"English","inherent"
"59",2,"material","metal",9,0.01,"English","inherent"
"60",2,"size","short",10,0.43,"English","inherent"
"61",2,"size","big",11,0.43,"English","inherent"
"62",2,"shape","round",12,0.2,"English","inherent"
"63",2,"color","green",13,0.46,"English","inherent"
"64",2,"age","old",14,0.16,"English","inherent"
"65",2,"material","plastic",15,0.37,"English","inherent"
"66",2,"color","red",16,0.08,"English","inherent"
"67",2,"color","purple",17,0,"English","inherent"
"68",2,"size","small",18,0.38,"English","inherent"
"69",2,"size","long",19,0.52,"English","inherent"
"70",2,"size","huge",20,0.38,"English","inherent"
"71",2,"age","new",21,0.24,"English","inherent"
"72",2,"color","brown",22,0.1,"English","inherent"
"73",2,"texture","smooth",23,0.14,"English","inherent"
"74",2,"color","blue",24,0.21,"English","inherent"
"75",2,"quality","bad",25,0.63,"English","inherent"
"76",2,"color","yellow",26,0.16,"English","inherent"
"77",2,"quality","good",27,0.45,"English","inherent"
"78",2,"material","wooden",28,0.65,"English","inherent"
"79",3,"color","blue",3,0.85,"English","inherent"
"80",3,"age","old",4,0.3,"English","inherent"
"81",3,"texture","hard",5,0.13,"English","inherent"
"82",3,"size","short",6,0.61,"English","inherent"
"83",3,"age","new",7,0.51,"English","inherent"
"84",3,"age","fresh",8,0.85,"English","inherent"
"85",3,"material","metal",9,0.02,"English","inherent"
"86",3,"size","huge",10,0.64,"English","inherent"
"87",3,"material","wooden",11,0.72,"English","inherent"
"88",3,"color","red",12,0.16,"English","inherent"
"89",3,"quality","good",13,0.04,"English","inherent"
"90",3,"color","purple",14,0,"English","inherent"
"91",3,"color","brown",15,0.77,"English","inherent"
"92",3,"size","long",16,0.45,"English","inherent"
"93",3,"color","green",17,0.07,"English","inherent"
"94",3,"texture","smooth",18,0.68,"English","inherent"
"95",3,"color","yellow",19,0.87,"English","inherent"
"96",3,"shape","square",20,0.12,"English","inherent"
"97",3,"material","plastic",21,0.01,"English","inherent"
"98",3,"shape","round",22,0.01,"English","inherent"
"99",3,"size","tiny",23,0.71,"English","inherent"
"100",3,"texture","soft",24,0.72,"English","inherent"
"101",3,"size","big",25,0.77,"English","inherent"
"102",3,"size","small",26,0.91,"English","inherent"
"103",3,"age","rotten",27,0.94,"English","inherent"
"104",3,"quality","bad",28,0.04,"English","inherent"
"105",4,"size","small",3,0.14,"English","inherent"
"106",4,"size","long",4,0.11,"English","inherent"
"107",4,"size","big",5,0.3,"English","inherent"
"108",4,"color","blue",6,0.66,"English","inherent"
"109",4,"age","rotten",7,0.93,"English","inherent"
"110",4,"size","tiny",8,0.38,"English","inherent"
"111",4,"material","wooden",9,0.72,"English","inherent"
"112",4,"color","brown",10,0.58,"English","inherent"
"113",4,"quality","bad",11,0.19,"English","inherent"
"114",4,"age","new",12,0.09,"English","inherent"
"115",4,"size","short",13,0.11,"English","inherent"
"116",4,"color","red",14,0.49,"English","inherent"
"117",4,"age","old",15,0.52,"English","inherent"
"118",4,"color","yellow",16,0.31,"English","inherent"
"119",4,"texture","hard",17,0.02,"English","inherent"
"120",4,"color","purple",18,0.98,"English","inherent"
"121",4,"material","metal",19,0.62,"English","inherent"
"122",4,"color","green",20,0.65,"English","inherent"
"123",4,"material","plastic",21,0.75,"English","inherent"
"124",4,"texture","smooth",22,0.27,"English","inherent"
"125",4,"shape","round",23,0.46,"English","inherent"
"126",4,"age","fresh",24,0.4,"English","inherent"
"127",4,"size","huge",25,0.29,"English","inherent"
"128",4,"quality","good",26,0.2,"English","inherent"
"129",4,"texture","soft",27,0.11,"English","inherent"
"130",4,"shape","square",28,0.32,"English","inherent"
"131",5,"color","yellow",3,0.18,"Englihs","inherent"
"132",5,"size","small",4,0.84,"Englihs","inherent"
"133",5,"size","short",5,0.02,"Englihs","inherent"
"134",5,"color","green",6,0.09,"Englihs","inherent"
"135",5,"texture","smooth",7,0,"Englihs","inherent"
"136",5,"material","metal",8,0.91,"Englihs","inherent"
"137",5,"color","brown",9,0.03,"Englihs","inherent"
"138",5,"age","rotten",10,0.75,"Englihs","inherent"
"139",5,"color","purple",11,0.25,"Englihs","inherent"
"140",5,"size","huge",12,0.01,"Englihs","inherent"
"141",5,"material","plastic",13,0.98,"Englihs","inherent"
"142",5,"color","blue",14,0.11,"Englihs","inherent"
"143",5,"size","big",15,0.05,"Englihs","inherent"
"144",5,"age","new",16,0.28,"Englihs","inherent"
"145",5,"age","old",17,0.21,"Englihs","inherent"
"146",5,"quality","bad",18,0.2,"Englihs","inherent"
"147",5,"color","red",19,0.01,"Englihs","inherent"
"148",5,"size","long",20,0.04,"Englihs","inherent"
"149",5,"texture","hard",21,0.04,"Englihs","inherent"
"150",5,"material","wooden",22,0.77,"Englihs","inherent"
"151",5,"shape","square",23,0.63,"Englihs","inherent"
"152",5,"quality","good",24,0.5,"Englihs","inherent"
"153",5,"size","tiny",25,0.28,"Englihs","inherent"
"154",5,"texture","soft",26,0.27,"Englihs","inherent"
"155",5,"shape","round",27,0.21,"Englihs","inherent"
"156",5,"age","fresh",28,0.19,"Englihs","inherent"
"209",8,"size","short",3,0.75,"English","inherent"
"210",8,"age","new",4,1,"English","inherent"
"211",8,"texture","smooth",5,0.3,"English","inherent"
"212",8,"size","small",6,0.29,"English","inherent"
"213",8,"color","green",7,0.88,"English","inherent"
"214",8,"quality","good",8,0.86,"English","inherent"
"215",8,"age","old",9,1,"English","inherent"
"216",8,"color","yellow",10,0.95,"English","inherent"
"217",8,"color","purple",11,0.77,"English","inherent"
"218",8,"size","long",12,1,"English","inherent"
"219",8,"size","big",13,1,"English","inherent"
"220",8,"size","huge",14,1,"English","inherent"
"221",8,"quality","bad",15,1,"English","inherent"
"222",8,"material","metal",16,0.25,"English","inherent"
"223",8,"material","plastic",17,0.74,"English","inherent"
"224",8,"color","brown",18,0.8,"English","inherent"
"225",8,"shape","square",19,0.99,"English","inherent"
"226",8,"texture","hard",20,0,"English","inherent"
"227",8,"size","tiny",21,0.78,"English","inherent"
"228",8,"material","wooden",22,0.1,"English","inherent"
"229",8,"shape","round",23,0.7,"English","inherent"
"230",8,"color","red",24,0.96,"English","inherent"
"231",8,"color","blue",25,0.63,"English","inherent"
"232",8,"age","fresh",26,0.02,"English","inherent"
"233",8,"age","rotten",27,1,"English","inherent"
"234",8,"texture","soft",28,0.65,"English","inherent"
"235",9,"age","rotten",3,1,"English","inherent"
"236",9,"texture","smooth",4,0.24,"English","inherent"
"237",9,"size","small",5,0.42,"English","inherent"
"238",9,"size","long",6,0.21,"English","inherent"
"239",9,"size","big",7,0.41,"English","inherent"
"240",9,"quality","bad",8,0.98,"English","inherent"
"241",9,"material","metal",9,1,"English","inherent"
"242",9,"color","brown",10,0.13,"English","inherent"
"243",9,"color","green",11,0.61,"English","inherent"
"244",9,"shape","square",12,0.68,"English","inherent"
"245",9,"shape","round",13,0.34,"English","inherent"
"246",9,"color","blue",14,0.77,"English","inherent"
"247",9,"age","new",15,0.31,"English","inherent"
"248",9,"material","plastic",16,0.06,"English","inherent"
"249",9,"quality","good",17,0.79,"English","inherent"
"250",9,"color","yellow",18,0.14,"English","inherent"
"251",9,"texture","soft",19,0.64,"English","inherent"
"252",9,"age","fresh",20,0.8,"English","inherent"
"253",9,"age","old",21,0.89,"English","inherent"
"254",9,"color","purple",22,0.6,"English","inherent"
"255",9,"size","short",23,0.34,"English","inherent"
"256",9,"texture","hard",24,0.78,"English","inherent"
"257",9,"size","huge",25,0.46,"English","inherent"
"258",9,"color","red",26,0.65,"English","inherent"
"259",9,"material","wooden",27,0.81,"English","inherent"
"260",9,"size","tiny",28,0.61,"English","inherent"
"287",11,"color","brown",3,0.91,"english","inherent"
"288",11,"size","huge",4,0.68,"english","inherent"
"289",11,"size","small",5,0.88,"english","inherent"
"290",11,"color","red",6,0.1,"english","inherent"
"291",11,"age","new",7,0.61,"english","inherent"
"292",11,"color","yellow",8,0.21,"english","inherent"
"293",11,"age","fresh",9,0.71,"english","inherent"
"294",11,"size","long",10,0,"english","inherent"
"295",11,"color","blue",11,0.93,"english","inherent"
"296",11,"texture","hard",12,0.03,"english","inherent"
"297",11,"age","rotten",13,0.97,"english","inherent"
"298",11,"shape","round",14,0.17,"english","inherent"
"299",11,"material","wooden",15,0.31,"english","inherent"
"300",11,"color","purple",16,0.98,"english","inherent"
"301",11,"size","big",17,0.92,"english","inherent"
"302",11,"texture","soft",18,0.76,"english","inherent"
"303",11,"size","tiny",19,0.91,"english","inherent"
"304",11,"material","metal",20,0.31,"english","inherent"
"305",11,"size","short",21,0.33,"english","inherent"
"306",11,"age","old",22,0.89,"english","inherent"
"307",11,"material","plastic",23,0.6,"english","inherent"
"308",11,"quality","good",24,0.44,"english","inherent"
"309",11,"texture","smooth",25,0.03,"english","inherent"
"310",11,"shape","square",26,0.04,"english","inherent"
"311",11,"quality","bad",27,0.78,"english","inherent"
"312",11,"color","green",28,0.95,"english","inherent"
"313",12,"color","yellow",3,0.29,"english","inherent"
"314",12,"size","big",4,0.87,"english","inherent"
"315",12,"size","small",5,0.61,"english","inherent"
"316",12,"age","old",6,0.73,"english","inherent"
"317",12,"color","red",7,0.48,"english","inherent"
"318",12,"size","short",8,0.75,"english","inherent"
"319",12,"quality","good",9,0.85,"english","inherent"
"320",12,"texture","smooth",10,0.43,"english","inherent"
"321",12,"age","rotten",11,0.16,"english","inherent"
"322",12,"size","long",12,0.16,"english","inherent"
"323",12,"texture","soft",13,0.04,"english","inherent"
"324",12,"material","wooden",14,0.86,"english","inherent"
"325",12,"size","tiny",15,0.7,"english","inherent"
"326",12,"material","plastic",16,0.68,"english","inherent"
"327",12,"texture","hard",17,0.79,"english","inherent"
"328",12,"size","huge",18,1,"english","inherent"
"329",12,"color","green",19,1,"english","inherent"
"330",12,"age","new",20,0.62,"english","inherent"
"331",12,"shape","round",21,0.33,"english","inherent"
"332",12,"color","blue",22,0.61,"english","inherent"
"333",12,"quality","bad",23,1,"english","inherent"
"334",12,"color","brown",24,0.64,"english","inherent"
"335",12,"material","metal",25,0.3,"english","inherent"
"336",12,"shape","square",26,0.55,"english","inherent"
"337",12,"age","fresh",27,0.75,"english","inherent"
"338",12,"color","purple",28,0.3,"english","inherent"
"417",16,"texture","soft",3,0.77,"English","inherent"
"418",16,"color","brown",4,0.49,"English","inherent"
"419",16,"texture","hard",5,0.64,"English","inherent"
"420",16,"color","purple",6,0.47,"English","inherent"
"421",16,"material","plastic",7,0.63,"English","inherent"
"422",16,"size","small",8,0.79,"English","inherent"
"423",16,"size","long",9,0.57,"English","inherent"
"424",16,"material","wooden",10,0.69,"English","inherent"
"425",16,"age","fresh",11,0.68,"English","inherent"
"426",16,"shape","round",12,0.44,"English","inherent"
"427",16,"age","rotten",13,0.27,"English","inherent"
"428",16,"age","old",14,0.62,"English","inherent"
"429",16,"shape","square",15,0.52,"English","inherent"
"430",16,"age","new",16,0.48,"English","inherent"
"431",16,"size","big",17,0.75,"English","inherent"
"432",16,"texture","smooth",18,0.53,"English","inherent"
"433",16,"color","yellow",19,0.69,"English","inherent"
"434",16,"size","short",20,0.47,"English","inherent"
"435",16,"color","red",21,0.74,"English","inherent"
"436",16,"color","blue",22,0.84,"English","inherent"
"437",16,"quality","bad",23,0.47,"English","inherent"
"438",16,"quality","good",24,0.51,"English","inherent"
"439",16,"size","tiny",25,0.42,"English","inherent"
"440",16,"size","huge",26,0.63,"English","inherent"
"441",16,"material","metal",27,0.35,"English","inherent"
"442",16,"color","green",28,0.5,"English","inherent"
"469",18,"quality","bad",3,0.45,"english","inherent"
"470",18,"size","huge",4,0.82,"english","inherent"
"471",18,"color","red",5,0,"english","inherent"
"472",18,"age","rotten",6,0.46,"english","inherent"
"473",18,"size","tiny",7,0.34,"english","inherent"
"474",18,"texture","hard",8,0.34,"english","inherent"
"475",18,"material","plastic",9,0.01,"english","inherent"
"476",18,"size","short",10,0.02,"english","inherent"
"477",18,"age","fresh",11,0.44,"english","inherent"
"478",18,"age","old",12,0.44,"english","inherent"
"479",18,"age","new",13,0.28,"english","inherent"
"480",18,"color","purple",14,0.07,"english","inherent"
"481",18,"color","green",15,0.3,"english","inherent"
"482",18,"size","long",16,0.3,"english","inherent"
"483",18,"material","wooden",17,0.57,"english","inherent"
"484",18,"shape","square",18,0.01,"english","inherent"
"485",18,"size","big",19,0.73,"english","inherent"
"486",18,"color","yellow",20,0.71,"english","inherent"
"487",18,"shape","round",21,0,"english","inherent"
"488",18,"color","blue",22,0,"english","inherent"
"489",18,"material","metal",23,0.41,"english","inherent"
"490",18,"texture","smooth",24,0.24,"english","inherent"
"491",18,"quality","good",25,0.67,"english","inherent"
"492",18,"texture","soft",26,0.02,"english","inherent"
"493",18,"color","brown",27,0.28,"english","inherent"
"494",18,"size","small",28,0,"english","inherent"
"547",21,"age","new",3,0.07,"English","inherent"
"548",21,"age","rotten",4,0.28,"English","inherent"
"549",21,"texture","smooth",5,0.25,"English","inherent"
"550",21,"size","small",6,0.06,"English","inherent"
"551",21,"quality","good",7,0.54,"English","inherent"
"552",21,"color","green",8,1,"English","inherent"
"553",21,"material","plastic",9,0.68,"English","inherent"
"554",21,"age","old",10,0.88,"English","inherent"
"555",21,"material","metal",11,0.92,"English","inherent"
"556",21,"color","brown",12,0.75,"English","inherent"
"557",21,"size","short",13,0.13,"English","inherent"
"558",21,"size","long",14,0.67,"English","inherent"
"559",21,"size","tiny",15,0.78,"English","inherent"
"560",21,"material","wooden",16,0.85,"English","inherent"
"561",21,"color","yellow",17,0.83,"English","inherent"
"562",21,"size","huge",18,0.11,"English","inherent"
"563",21,"quality","bad",19,0.13,"English","inherent"
"564",21,"texture","hard",20,0.75,"English","inherent"
"565",21,"shape","square",21,0.95,"English","inherent"
"566",21,"color","red",22,0.91,"English","inherent"
"567",21,"age","fresh",23,0.07,"English","inherent"
"568",21,"size","big",24,0.49,"English","inherent"
"569",21,"color","purple",25,1,"English","inherent"
"570",21,"color","blue",26,0.1,"English","inherent"
"571",21,"shape","round",27,0.6,"English","inherent"
"572",21,"texture","soft",28,0.8,"English","inherent"
"599",23,"texture","smooth",3,0.13,"english","inherent"
"600",23,"color","brown",4,0.93,"english","inherent"
"601",23,"material","wooden",5,0.1,"english","inherent"
"602",23,"size","small",6,0.87,"english","inherent"
"603",23,"quality","bad",7,0.54,"english","inherent"
"604",23,"texture","soft",8,0.23,"english","inherent"
"605",23,"color","yellow",9,0.66,"english","inherent"
"606",23,"size","huge",10,0.89,"english","inherent"
"607",23,"age","old",11,0.93,"english","inherent"
"608",23,"size","short",12,0.53,"english","inherent"
"609",23,"age","new",13,0.35,"english","inherent"
"610",23,"color","purple",14,0.42,"english","inherent"
"611",23,"material","metal",15,0.04,"english","inherent"
"612",23,"texture","hard",16,0.05,"english","inherent"
"613",23,"quality","good",17,0.15,"english","inherent"
"614",23,"shape","square",18,0.11,"english","inherent"
"615",23,"color","blue",19,0.65,"english","inherent"
"616",23,"color","green",20,0.53,"english","inherent"
"617",23,"shape","round",21,0.25,"english","inherent"
"618",23,"age","fresh",22,0.82,"english","inherent"
"619",23,"color","red",23,0.72,"english","inherent"
"620",23,"size","big",24,0.53,"english","inherent"
"621",23,"material","plastic",25,0.15,"english","inherent"
"622",23,"size","tiny",26,0.32,"english","inherent"
"623",23,"size","long",27,0.18,"english","inherent"
"624",23,"age","rotten",28,0.8,"english","inherent"
"625",24,"color","yellow",3,0.18,"english","inherent"
"626",24,"shape","square",4,0.07,"english","inherent"
"627",24,"shape","round",5,0.49,"english","inherent"
"628",24,"size","long",6,0.86,"english","inherent"
"629",24,"material","metal",7,0.83,"english","inherent"
"630",24,"age","old",8,0.54,"english","inherent"
"631",24,"size","small",9,0.77,"english","inherent"
"632",24,"texture","smooth",10,0.3,"english","inherent"
"633",24,"color","red",11,0.99,"english","inherent"
"634",24,"size","short",12,0.13,"english","inherent"
"635",24,"size","big",13,0.88,"english","inherent"
"636",24,"quality","good",14,0.68,"english","inherent"
"637",24,"color","green",15,0.05,"english","inherent"
"638",24,"quality","bad",16,0.2,"english","inherent"
"639",24,"color","brown",17,0.7,"english","inherent"
"640",24,"color","purple",18,0.92,"english","inherent"
"641",24,"texture","soft",19,0.59,"english","inherent"
"642",24,"texture","hard",20,0.16,"english","inherent"
"643",24,"material","wooden",21,0.06,"english","inherent"
"644",24,"size","huge",22,0.42,"english","inherent"
"645",24,"age","fresh",23,0.92,"english","inherent"
"646",24,"color","blue",24,0.04,"english","inherent"
"647",24,"size","tiny",25,0.13,"english","inherent"
"648",24,"material","plastic",26,0.03,"english","inherent"
"649",24,"age","new",27,0.65,"english","inherent"
"650",24,"age","rotten",28,0.22,"english","inherent"
"729",28,"size","tiny",3,0.76,"English","inherent"
"730",28,"size","short",4,0.58,"English","inherent"
"731",28,"material","wooden",5,0.95,"English","inherent"
"732",28,"texture","smooth",6,0.11,"English","inherent"
"733",28,"color","red",7,0.54,"English","inherent"
"734",28,"quality","bad",8,0.08,"English","inherent"
"735",28,"texture","hard",9,0.82,"English","inherent"
"736",28,"shape","square",10,0.16,"English","inherent"
"737",28,"age","rotten",11,0.94,"English","inherent"
"738",28,"age","new",12,0.54,"English","inherent"
"739",28,"color","brown",13,0.24,"English","inherent"
"740",28,"material","metal",14,0.77,"English","inherent"
"741",28,"size","big",15,0.4,"English","inherent"
"742",28,"color","blue",16,0.36,"English","inherent"
"743",28,"quality","good",17,0.73,"English","inherent"
"744",28,"age","fresh",18,0.1,"English","inherent"
"745",28,"shape","round",19,0.56,"English","inherent"
"746",28,"material","plastic",20,0.58,"English","inherent"
"747",28,"size","small",21,0.7,"English","inherent"
"748",28,"color","green",22,0.26,"English","inherent"
"749",28,"texture","soft",23,0.35,"English","inherent"
"750",28,"age","old",24,0.72,"English","inherent"
"751",28,"size","long",25,0.22,"English","inherent"
"752",28,"color","yellow",26,0.72,"English","inherent"
"753",28,"size","huge",27,0.58,"English","inherent"
"754",28,"color","purple",28,0.53,"English","inherent"
"755",29,"material","wooden",3,0.96,"English","inherent"
"756",29,"shape","round",4,0.3,"English","inherent"
"757",29,"size","long",5,0.22,"English","inherent"
"758",29,"material","plastic",6,1,"English","inherent"
"759",29,"material","metal",7,0.9,"English","inherent"
"760",29,"color","purple",8,0.96,"English","inherent"
"761",29,"quality","bad",9,0.64,"English","inherent"
"762",29,"color","yellow",10,0.23,"English","inherent"
"763",29,"texture","smooth",11,0.27,"English","inherent"
"764",29,"size","small",12,0.5,"English","inherent"
"765",29,"texture","soft",13,0.29,"English","inherent"
"766",29,"color","green",14,0.59,"English","inherent"
"767",29,"quality","good",15,0.17,"English","inherent"
"768",29,"age","fresh",16,0.47,"English","inherent"
"769",29,"size","big",17,0.51,"English","inherent"
"770",29,"texture","hard",18,0.9,"English","inherent"
"771",29,"color","blue",19,0.61,"English","inherent"
"772",29,"age","rotten",20,0.28,"English","inherent"
"773",29,"age","new",21,0.48,"English","inherent"
"774",29,"size","tiny",22,0.48,"English","inherent"
"775",29,"color","red",23,0.27,"English","inherent"
"776",29,"size","short",24,0.74,"English","inherent"
"777",29,"color","brown",25,0.88,"English","inherent"
"778",29,"shape","square",26,0.93,"English","inherent"
"779",29,"size","huge",27,0.39,"English","inherent"
"780",29,"age","old",28,0.8,"English","inherent"
"781",30,"age","new",3,0.77,"English","inherent"
"782",30,"material","metal",4,0.16,"English","inherent"
"783",30,"size","small",5,0.55,"English","inherent"
"784",30,"texture","soft",6,0.48,"English","inherent"
"785",30,"size","tiny",7,0.78,"English","inherent"
"786",30,"color","brown",8,0.26,"English","inherent"
"787",30,"color","blue",9,0.9,"English","inherent"
"788",30,"color","purple",10,0.69,"English","inherent"
"789",30,"size","big",11,0.55,"English","inherent"
"790",30,"age","old",12,0.39,"English","inherent"
"791",30,"material","wooden",13,0.39,"English","inherent"
"792",30,"size","long",14,0.57,"English","inherent"
"793",30,"size","huge",15,0.68,"English","inherent"
"794",30,"age","fresh",16,0.59,"English","inherent"
"795",30,"material","plastic",17,0.68,"English","inherent"
"796",30,"color","red",18,0.08,"English","inherent"
"797",30,"size","short",19,0.53,"English","inherent"
"798",30,"shape","round",20,0.26,"English","inherent"
"799",30,"quality","bad",21,0.81,"English","inherent"
"800",30,"age","rotten",22,0.83,"English","inherent"
"801",30,"color","green",23,0.44,"English","inherent"
"802",30,"texture","hard",24,0.15,"English","inherent"
"803",30,"color","yellow",25,0.55,"English","inherent"
"804",30,"quality","good",26,0.27,"English","inherent"
"805",30,"texture","smooth",27,0.12,"English","inherent"
"806",30,"shape","square",28,0.6,"English","inherent"
"807",31,"texture","soft",3,0.17,"English","inherent"
"808",31,"material","plastic",4,0.77,"English","inherent"
"809",31,"shape","round",5,0.55,"English","inherent"
"810",31,"age","fresh",6,0.85,"English","inherent"
"811",31,"color","red",7,0.34,"English","inherent"
"812",31,"material","metal",8,0.27,"English","inherent"
"813",31,"material","wooden",9,0.72,"English","inherent"
"814",31,"color","purple",10,0.31,"English","inherent"
"815",31,"texture","hard",11,0.44,"English","inherent"
"816",31,"age","new",12,0.64,"English","inherent"
"817",31,"age","old",13,0.29,"English","inherent"
"818",31,"size","long",14,0.36,"English","inherent"
"819",31,"color","blue",15,0.32,"English","inherent"
"820",31,"texture","smooth",16,0.7,"English","inherent"
"821",31,"color","brown",17,0.28,"English","inherent"
"822",31,"size","short",18,0.32,"English","inherent"
"823",31,"size","big",19,0.33,"English","inherent"
"824",31,"size","small",20,0.24,"English","inherent"
"825",31,"size","tiny",21,0.29,"English","inherent"
"826",31,"quality","bad",22,0.28,"English","inherent"
"827",31,"color","yellow",23,0.72,"English","inherent"
"828",31,"color","green",24,0.63,"English","inherent"
"829",31,"shape","square",25,0.64,"English","inherent"
"830",31,"age","rotten",26,0.64,"English","inherent"
"831",31,"size","huge",27,0.67,"English","inherent"
"832",31,"quality","good",28,0.63,"English","inherent"
"833",32,"age","new",3,0.4,"English","inherent"
"834",32,"age","fresh",4,0.15,"English","inherent"
"835",32,"color","yellow",5,0.57,"English","inherent"
"836",32,"material","wooden",6,0.17,"English","inherent"
"837",32,"shape","round",7,0.05,"English","inherent"
"838",32,"color","brown",8,0.66,"English","inherent"
"839",32,"size","tiny",9,0.56,"English","inherent"
"840",32,"size","big",10,0.54,"English","inherent"
"841",32,"material","metal",11,0.13,"English","inherent"
"842",32,"color","red",12,0.36,"English","inherent"
"843",32,"size","long",13,0.56,"English","inherent"
"844",32,"quality","good",14,0.64,"English","inherent"
"845",32,"texture","soft",15,0.55,"English","inherent"
"846",32,"color","green",16,0.36,"English","inherent"
"847",32,"size","small",17,0.54,"English","inherent"
"848",32,"color","purple",18,0.19,"English","inherent"
"849",32,"color","blue",19,0.68,"English","inherent"
"850",32,"age","old",20,0.4,"English","inherent"
"851",32,"quality","bad",21,0.67,"English","inherent"
"852",32,"size","short",22,0.53,"English","inherent"
"853",32,"material","plastic",23,0.76,"English","inherent"
"854",32,"age","rotten",24,0.76,"English","inherent"
"855",32,"size","huge",25,0.5,"English","inherent"
"856",32,"texture","hard",26,0.36,"English","inherent"
"857",32,"shape","square",27,0.53,"English","inherent"
"858",32,"texture","smooth",28,0.46,"English","inherent"
"859",33,"color","green",3,0.67,"English","inherent"
"860",33,"color","purple",4,1,"English","inherent"
"861",33,"color","yellow",5,0.11,"English","inherent"
"862",33,"color","brown",6,0,"English","inherent"
"863",33,"age","fresh",7,0.48,"English","inherent"
"864",33,"age","rotten",8,1,"English","inherent"
"865",33,"material","metal",9,0,"English","inherent"
"866",33,"shape","round",10,0.62,"English","inherent"
"867",33,"texture","soft",11,0.6,"English","inherent"
"868",33,"size","big",12,0.46,"English","inherent"
"869",33,"size","short",13,0.18,"English","inherent"
"870",33,"color","blue",14,1,"English","inherent"
"871",33,"texture","hard",15,0,"English","inherent"
"872",33,"shape","square",16,0.22,"English","inherent"
"873",33,"size","small",17,0.3,"English","inherent"
"874",33,"texture","smooth",18,0.12,"English","inherent"
"875",33,"material","plastic",19,1,"English","inherent"
"876",33,"color","red",20,0.55,"English","inherent"
"877",33,"age","old",21,0.24,"English","inherent"
"878",33,"quality","bad",22,1,"English","inherent"
"879",33,"material","wooden",23,1,"English","inherent"
"880",33,"quality","good",24,0.51,"English","inherent"
"881",33,"size","tiny",25,0.1,"English","inherent"
"882",33,"size","huge",26,0,"English","inherent"
"883",33,"size","long",27,0.3,"English","inherent"
"884",33,"age","new",28,0.65,"English","inherent"
"885",34,"quality","bad",3,0.59,"English","inherent"
"886",34,"shape","round",4,0.28,"English","inherent"
"887",34,"shape","square",5,0.23,"English","inherent"
"888",34,"material","wooden",6,0.56,"English","inherent"
"889",34,"size","huge",7,0.47,"English","inherent"
"890",34,"color","green",8,0.19,"English","inherent"
"891",34,"size","short",9,0.16,"English","inherent"
"892",34,"size","small",10,0.5,"English","inherent"
"893",34,"age","fresh",11,0.5,"English","inherent"
"894",34,"color","purple",12,0.3,"English","inherent"
"895",34,"color","red",13,0.55,"English","inherent"
"896",34,"texture","soft",14,0.59,"English","inherent"
"897",34,"color","blue",15,0.3,"English","inherent"
"898",34,"texture","smooth",16,0.26,"English","inherent"
"899",34,"color","brown",17,0.76,"English","inherent"
"900",34,"color","yellow",18,0.36,"English","inherent"
"901",34,"size","big",19,0.55,"English","inherent"
"902",34,"texture","hard",20,0.25,"English","inherent"
"903",34,"size","long",21,0.53,"English","inherent"
"904",34,"age","old",22,0.65,"English","inherent"
"905",34,"age","new",23,0.65,"English","inherent"
"906",34,"quality","good",24,0.31,"English","inherent"
"907",34,"material","metal",25,0.63,"English","inherent"
"908",34,"material","plastic",26,0.34,"English","inherent"
"909",34,"size","tiny",27,0.52,"English","inherent"
"910",34,"age","rotten",28,0.26,"English","inherent"
"911",35,"color","green",3,0.68,"english","inherent"
"912",35,"texture","hard",4,0.15,"english","inherent"
"913",35,"color","red",5,0.9,"english","inherent"
"914",35,"shape","round",6,0.01,"english","inherent"
"915",35,"material","plastic",7,0.97,"english","inherent"
"916",35,"age","rotten",8,0.49,"english","inherent"
"917",35,"age","old",9,0.85,"english","inherent"
"918",35,"color","blue",10,0.99,"english","inherent"
"919",35,"size","small",11,0.15,"english","inherent"
"920",35,"size","big",12,0.32,"english","inherent"
"921",35,"quality","good",13,0.46,"english","inherent"
"922",35,"texture","smooth",14,0.63,"english","inherent"
"923",35,"age","new",15,0.54,"english","inherent"
"924",35,"size","short",16,0.05,"english","inherent"
"925",35,"shape","square",17,0.87,"english","inherent"
"926",35,"texture","soft",18,0.62,"english","inherent"
"927",35,"color","purple",19,0.45,"english","inherent"
"928",35,"color","yellow",20,0.48,"english","inherent"
"929",35,"color","brown",21,0.04,"english","inherent"
"930",35,"size","tiny",22,0.57,"english","inherent"
"931",35,"material","wooden",23,0.87,"english","inherent"
"932",35,"material","metal",24,0.97,"english","inherent"
"933",35,"size","long",25,0.25,"english","inherent"
"934",35,"size","huge",26,0.58,"english","inherent"
"935",35,"age","fresh",27,0.72,"english","inherent"
"936",35,"quality","bad",28,0.16,"english","inherent"
"937",36,"texture","hard",3,0.96,"ENGLISH","inherent"
"938",36,"size","short",4,0.04,"ENGLISH","inherent"
"939",36,"shape","round",5,0.95,"ENGLISH","inherent"
"940",36,"color","purple",6,0.05,"ENGLISH","inherent"
"941",36,"quality","good",7,0.95,"ENGLISH","inherent"
"942",36,"color","brown",8,0.96,"ENGLISH","inherent"
"943",36,"material","metal",9,0.96,"ENGLISH","inherent"
"944",36,"age","new",10,0.98,"ENGLISH","inherent"
"945",36,"size","tiny",11,0.95,"ENGLISH","inherent"
"946",36,"shape","square",12,0.95,"ENGLISH","inherent"
"947",36,"texture","soft",13,0.04,"ENGLISH","inherent"
"948",36,"material","plastic",14,0.97,"ENGLISH","inherent"
"949",36,"size","huge",15,0.04,"ENGLISH","inherent"
"950",36,"size","long",16,0.96,"ENGLISH","inherent"
"951",36,"material","wooden",17,0.1,"ENGLISH","inherent"
"952",36,"age","fresh",18,0.07,"ENGLISH","inherent"
"953",36,"color","green",19,0.99,"ENGLISH","inherent"
"954",36,"quality","bad",20,0.91,"ENGLISH","inherent"
"955",36,"color","yellow",21,0.05,"ENGLISH","inherent"
"956",36,"texture","smooth",22,0.03,"ENGLISH","inherent"
"957",36,"color","blue",23,0.94,"ENGLISH","inherent"
"958",36,"age","old",24,0.96,"ENGLISH","inherent"
"959",36,"color","red",25,0.01,"ENGLISH","inherent"
"960",36,"age","rotten",26,0.09,"ENGLISH","inherent"
"961",36,"size","big",27,0.08,"ENGLISH","inherent"
"962",36,"size","small",28,0.12,"ENGLISH","inherent"
"989",38,"size","big",3,0.13,"English","inherent"
"990",38,"quality","good",4,0.08,"English","inherent"
"991",38,"age","fresh",5,0.66,"English","inherent"
"992",38,"quality","bad",6,0.91,"English","inherent"
"993",38,"shape","round",7,0.14,"English","inherent"
"994",38,"age","old",8,0.57,"English","inherent"
"995",38,"size","short",9,0.63,"English","inherent"
"996",38,"color","blue",10,0.88,"English","inherent"
"997",38,"age","new",11,0.37,"English","inherent"
"998",38,"material","metal",12,0.65,"English","inherent"
"999",38,"texture","soft",13,0.46,"English","inherent"
"1000",38,"color","purple",14,0.67,"English","inherent"
"1001",38,"color","red",15,0.36,"English","inherent"
"1002",38,"shape","square",16,0.2,"English","inherent"
"1003",38,"size","tiny",17,0.72,"English","inherent"
"1004",38,"material","plastic",18,0.27,"English","inherent"
"1005",38,"color","brown",19,0.04,"English","inherent"
"1006",38,"color","green",20,0.69,"English","inherent"
"1007",38,"texture","hard",21,0.23,"English","inherent"
"1008",38,"color","yellow",22,0.66,"English","inherent"
"1009",38,"size","small",23,0.61,"English","inherent"
"1010",38,"texture","smooth",24,0.1,"English","inherent"
"1011",38,"age","rotten",25,0.72,"English","inherent"
"1012",38,"size","huge",26,0.59,"English","inherent"
"1013",38,"size","long",27,0.19,"English","inherent"
"1014",38,"material","wooden",28,0.78,"English","inherent"
"1067",41,"color","blue",3,0.1,"English","inherent"
"1068",41,"shape","square",4,1,"English","inherent"
"1069",41,"shape","round",5,0.33,"English","inherent"
"1070",41,"color","red",6,1,"English","inherent"
"1071",41,"size","long",7,0.69,"English","inherent"
"1072",41,"material","plastic",8,1,"English","inherent"
"1073",41,"age","rotten",9,1,"English","inherent"
"1074",41,"size","short",10,0.53,"English","inherent"
"1075",41,"material","metal",11,1,"English","inherent"
"1076",41,"color","yellow",12,1,"English","inherent"
"1077",41,"color","purple",13,1,"English","inherent"
"1078",41,"size","big",14,0.6,"English","inherent"
"1079",41,"texture","smooth",15,0.35,"English","inherent"
"1080",41,"quality","good",16,0.02,"English","inherent"
"1081",41,"size","small",17,0,"English","inherent"
"1082",41,"material","wooden",18,0.94,"English","inherent"
"1083",41,"size","huge",19,0.8,"English","inherent"
"1084",41,"size","tiny",20,0.72,"English","inherent"
"1085",41,"quality","bad",21,0.79,"English","inherent"
"1086",41,"age","fresh",22,0,"English","inherent"
"1087",41,"color","brown",23,0,"English","inherent"
"1088",41,"age","new",24,0,"English","inherent"
"1089",41,"texture","soft",25,1,"English","inherent"
"1090",41,"age","old",26,1,"English","inherent"
"1091",41,"color","green",27,0.62,"English","inherent"
"1092",41,"texture","hard",28,0.22,"English","inherent"
"1093",42,"material","metal",3,0.06,"English","inherent"
"1094",42,"age","old",4,0.75,"English","inherent"
"1095",42,"material","wooden",5,0.32,"English","inherent"
"1096",42,"size","short",6,0.89,"English","inherent"
"1097",42,"size","small",7,0.91,"English","inherent"
"1098",42,"age","fresh",8,0.99,"English","inherent"
"1099",42,"size","long",9,0.49,"English","inherent"
"1100",42,"color","red",10,0.21,"English","inherent"
"1101",42,"texture","soft",11,0.92,"English","inherent"
"1102",42,"color","yellow",12,0.97,"English","inherent"
"1103",42,"quality","good",13,0.91,"English","inherent"
"1104",42,"quality","bad",14,0.95,"English","inherent"
"1105",42,"shape","round",15,0.75,"English","inherent"
"1106",42,"age","new",16,0.94,"English","inherent"
"1107",42,"age","rotten",17,0.96,"English","inherent"
"1108",42,"material","plastic",18,1,"English","inherent"
"1109",42,"texture","smooth",19,0.56,"English","inherent"
"1110",42,"texture","hard",20,0.87,"English","inherent"
"1111",42,"size","tiny",21,1,"English","inherent"
"1112",42,"color","brown",22,1,"English","inherent"
"1113",42,"shape","square",23,0,"English","inherent"
"1114",42,"color","purple",24,0.82,"English","inherent"
"1115",42,"color","blue",25,0.02,"English","inherent"
"1116",42,"size","huge",26,0.94,"English","inherent"
"1117",42,"size","big",27,0.92,"English","inherent"
"1118",42,"color","green",28,0.21,"English","inherent"
"1249",48,"size","small",3,0,"English","inherent"
"1250",48,"age","new",4,0,"English","inherent"
"1251",48,"material","wooden",5,0.34,"English","inherent"
"1252",48,"color","blue",6,0,"English","inherent"
"1253",48,"shape","round",7,0,"English","inherent"
"1254",48,"texture","hard",8,0.5,"English","inherent"
"1255",48,"age","old",9,0.67,"English","inherent"
"1256",48,"quality","bad",10,0.47,"English","inherent"
"1257",48,"color","purple",11,0.78,"English","inherent"
"1258",48,"texture","smooth",12,0,"English","inherent"
"1259",48,"size","huge",13,0.67,"English","inherent"
"1260",48,"material","plastic",14,0.28,"English","inherent"
"1261",48,"age","rotten",15,0,"English","inherent"
"1262",48,"age","fresh",16,0,"English","inherent"
"1263",48,"color","yellow",17,0.58,"English","inherent"
"1264",48,"size","short",18,0.34,"English","inherent"
"1265",48,"size","big",19,0.62,"English","inherent"
"1266",48,"size","long",20,0.5,"English","inherent"
"1267",48,"color","red",21,0,"English","inherent"
"1268",48,"material","metal",22,0,"English","inherent"
"1269",48,"quality","good",23,0.05,"English","inherent"
"1270",48,"texture","soft",24,0.58,"English","inherent"
"1271",48,"color","brown",25,0,"English","inherent"
"1272",48,"size","tiny",26,0.33,"English","inherent"
"1273",48,"color","green",27,0.7,"English","inherent"
"1274",48,"shape","square",28,0,"English","inherent"
"1327",51,"age","rotten",3,0.82,"English","inherent"
"1328",51,"age","fresh",4,0.46,"English","inherent"
"1329",51,"shape","round",5,0.06,"English","inherent"
"1330",51,"color","brown",6,0.88,"English","inherent"
"1331",51,"quality","good",7,0.31,"English","inherent"
"1332",51,"size","huge",8,0.35,"English","inherent"
"1333",51,"texture","hard",9,0.02,"English","inherent"
"1334",51,"size","small",10,0.5,"English","inherent"
"1335",51,"shape","square",11,0.46,"English","inherent"
"1336",51,"color","red",12,0.91,"English","inherent"
"1337",51,"color","yellow",13,0.88,"English","inherent"
"1338",51,"quality","bad",14,0.73,"English","inherent"
"1339",51,"texture","smooth",15,0.59,"English","inherent"
"1340",51,"size","long",16,0.83,"English","inherent"
"1341",51,"material","metal",17,1,"English","inherent"
"1342",51,"color","purple",18,0.82,"English","inherent"
"1343",51,"color","blue",19,0.73,"English","inherent"
"1344",51,"color","green",20,0.79,"English","inherent"
"1345",51,"size","big",21,0.72,"English","inherent"
"1346",51,"texture","soft",22,0.65,"English","inherent"
"1347",51,"size","short",23,0.55,"English","inherent"
"1348",51,"size","tiny",24,0.63,"English","inherent"
"1349",51,"material","plastic",25,0.93,"English","inherent"
"1350",51,"age","new",26,0.46,"English","inherent"
"1351",51,"age","old",27,0.58,"English","inherent"
"1352",51,"material","wooden",28,0.75,"English","inherent"
"1353",52,"size","short",3,0.5,"English","inherent"
"1354",52,"shape","square",4,1,"English","inherent"
"1355",52,"size","big",5,0.99,"English","inherent"
"1356",52,"age","rotten",6,1,"English","inherent"
"1357",52,"material","wooden",7,0.75,"English","inherent"
"1358",52,"color","blue",8,0.6,"English","inherent"
"1359",52,"age","old",9,0.54,"English","inherent"
"1360",52,"age","new",10,0.51,"English","inherent"
"1361",52,"texture","hard",11,0.44,"English","inherent"
"1362",52,"material","metal",12,0,"English","inherent"
"1363",52,"texture","smooth",13,0,"English","inherent"
"1364",52,"quality","good",14,0.51,"English","inherent"
"1365",52,"color","yellow",15,0.52,"English","inherent"
"1366",52,"color","green",16,0.38,"English","inherent"
"1367",52,"color","purple",17,0.3,"English","inherent"
"1368",52,"size","tiny",18,0.36,"English","inherent"
"1369",52,"shape","round",19,0.16,"English","inherent"
"1370",52,"quality","bad",20,0.28,"English","inherent"
"1371",52,"color","brown",21,0.22,"English","inherent"
"1372",52,"age","fresh",22,0.73,"English","inherent"
"1373",52,"size","small",23,0.6,"English","inherent"
"1374",52,"color","red",24,0.16,"English","inherent"
"1375",52,"size","huge",25,0.31,"English","inherent"
"1376",52,"texture","soft",26,0.41,"English","inherent"
"1377",52,"material","plastic",27,0,"English","inherent"
"1378",52,"size","long",28,0.25,"English","inherent"
"1379",53,"size","short",3,0.12,"english","inherent"
"1380",53,"age","old",4,0.75,"english","inherent"
"1381",53,"color","yellow",5,0.71,"english","inherent"
"1382",53,"size","huge",6,0.76,"english","inherent"
"1383",53,"texture","soft",7,0.71,"english","inherent"
"1384",53,"material","metal",8,0.22,"english","inherent"
"1385",53,"color","green",9,0.27,"english","inherent"
"1386",53,"shape","round",10,0.16,"english","inherent"
"1387",53,"material","wooden",11,0.23,"english","inherent"
"1388",53,"size","long",12,0.2,"english","inherent"
"1389",53,"quality","good",13,0.15,"english","inherent"
"1390",53,"age","fresh",14,0.21,"english","inherent"
"1391",53,"age","new",15,0.19,"english","inherent"
"1392",53,"texture","smooth",16,0.25,"english","inherent"
"1393",53,"color","red",17,0.72,"english","inherent"
"1394",53,"size","big",18,0.65,"english","inherent"
"1395",53,"shape","square",19,0.68,"english","inherent"
"1396",53,"size","small",20,0.66,"english","inherent"
"1397",53,"color","brown",21,0.65,"english","inherent"
"1398",53,"age","rotten",22,0.36,"english","inherent"
"1399",53,"material","plastic",23,0.26,"english","inherent"
"1400",53,"quality","bad",24,0.7,"english","inherent"
"1401",53,"size","tiny",25,0.69,"english","inherent"
"1402",53,"color","purple",26,0.63,"english","inherent"
"1403",53,"color","blue",27,0.17,"english","inherent"
"1404",53,"texture","hard",28,0.72,"english","inherent"
"1405",54,"material","wooden",3,0,"english","inherent"
"1406",54,"quality","good",4,0.33,"english","inherent"
"1407",54,"material","plastic",5,0.91,"english","inherent"
"1408",54,"texture","soft",6,0.06,"english","inherent"
"1409",54,"age","new",7,0.66,"english","inherent"
"1410",54,"size","small",8,0.93,"english","inherent"
"1411",54,"texture","smooth",9,0.05,"english","inherent"
"1412",54,"color","blue",10,0.04,"english","inherent"
"1413",54,"shape","square",11,0.5,"english","inherent"
"1414",54,"age","fresh",12,0.91,"english","inherent"
"1415",54,"age","rotten",13,0.08,"english","inherent"
"1416",54,"material","metal",14,0.49,"english","inherent"
"1417",54,"color","red",15,0.68,"english","inherent"
"1418",54,"size","tiny",16,0.97,"english","inherent"
"1419",54,"color","yellow",17,0.93,"english","inherent"
"1420",54,"texture","hard",18,0.95,"english","inherent"
"1421",54,"age","old",19,0.96,"english","inherent"
"1422",54,"size","big",20,0.94,"english","inherent"
"1423",54,"size","short",21,0.34,"english","inherent"
"1424",54,"size","huge",22,0.96,"english","inherent"
"1425",54,"quality","bad",23,0.49,"english","inherent"
"1426",54,"size","long",24,0.7,"english","inherent"
"1427",54,"color","green",25,0.95,"english","inherent"
"1428",54,"color","purple",26,0.96,"english","inherent"
"1429",54,"color","brown",27,0.97,"english","inherent"
"1430",54,"shape","round",28,0.96,"english","inherent"
"1431",55,"quality","good",3,0.25,"English","inherent"
"1432",55,"size","tiny",4,0.92,"English","inherent"
"1433",55,"texture","smooth",5,0.03,"English","inherent"
"1434",55,"color","purple",6,0.95,"English","inherent"
"1435",55,"size","long",7,0.81,"English","inherent"
"1436",55,"shape","round",8,0.12,"English","inherent"
"1437",55,"age","fresh",9,0.88,"English","inherent"
"1438",55,"size","big",10,0.78,"English","inherent"
"1439",55,"age","rotten",11,0.86,"English","inherent"
"1440",55,"size","small",12,0.95,"English","inherent"
"1441",55,"age","old",13,0.85,"English","inherent"
"1442",55,"size","huge",14,0.91,"English","inherent"
"1443",55,"color","brown",15,0.95,"English","inherent"
"1444",55,"material","plastic",16,1,"English","inherent"
"1445",55,"texture","soft",17,0.87,"English","inherent"
"1446",55,"age","new",18,0.96,"English","inherent"
"1447",55,"color","green",19,0.73,"English","inherent"
"1448",55,"size","short",20,0.48,"English","inherent"
"1449",55,"texture","hard",21,0.11,"English","inherent"
"1450",55,"color","red",22,0.89,"English","inherent"
"1451",55,"material","wooden",23,1,"English","inherent"
"1452",55,"shape","square",24,0.71,"English","inherent"
"1453",55,"material","metal",25,0.93,"English","inherent"
"1454",55,"color","yellow",26,0.83,"English","inherent"
"1455",55,"color","blue",27,0.84,"English","inherent"
"1456",55,"quality","bad",28,0.1,"English","inherent"
"1535",59,"size","small",3,0.67,"English","inherent"
"1536",59,"color","red",4,0.12,"English","inherent"
"1537",59,"quality","good",5,0.82,"English","inherent"
"1538",59,"size","long",6,0.72,"English","inherent"
"1539",59,"material","wooden",7,0.92,"English","inherent"
"1540",59,"color","purple",8,0.66,"English","inherent"
"1541",59,"shape","round",9,0.41,"English","inherent"
"1542",59,"color","yellow",10,0.52,"English","inherent"
"1543",59,"color","green",11,0.67,"English","inherent"
"1544",59,"texture","smooth",12,0.36,"English","inherent"
"1545",59,"age","fresh",13,0.15,"English","inherent"
"1546",59,"texture","soft",14,0.6,"English","inherent"
"1547",59,"color","brown",15,0.75,"English","inherent"
"1548",59,"age","new",16,0.57,"English","inherent"
"1549",59,"size","huge",17,0.69,"English","inherent"
"1550",59,"material","metal",18,0.71,"English","inherent"
"1551",59,"material","plastic",19,0.65,"English","inherent"
"1552",59,"size","short",20,0.54,"English","inherent"
"1553",59,"shape","square",21,0.58,"English","inherent"
"1554",59,"age","rotten",22,0.77,"English","inherent"
"1555",59,"size","big",23,0.61,"English","inherent"
"1556",59,"color","blue",24,0.64,"English","inherent"
"1557",59,"age","old",25,0.67,"English","inherent"
"1558",59,"size","tiny",26,0.69,"English","inherent"
"1559",59,"quality","bad",27,0.43,"English","inherent"
"1560",59,"texture","hard",28,0.33,"English","inherent"
"1561",60,"color","purple",3,0.25,"English","inherent"
"1562",60,"quality","good",4,0,"English","inherent"
"1563",60,"texture","soft",5,0.35,"English","inherent"
"1564",60,"size","big",6,0.22,"English","inherent"
"1565",60,"shape","square",7,0.26,"English","inherent"
"1566",60,"color","yellow",8,0.4,"English","inherent"
"1567",60,"age","fresh",9,0.04,"English","inherent"
"1568",60,"material","wooden",10,0.09,"English","inherent"
"1569",60,"color","brown",11,0.22,"English","inherent"
"1570",60,"color","blue",12,0.61,"English","inherent"
"1571",60,"size","huge",13,0.12,"English","inherent"
"1572",60,"size","short",14,0.17,"English","inherent"
"1573",60,"quality","bad",15,0.11,"English","inherent"
"1574",60,"age","rotten",16,0.23,"English","inherent"
"1575",60,"material","metal",17,0.07,"English","inherent"
"1576",60,"color","red",18,0.24,"English","inherent"
"1577",60,"color","green",19,0.23,"English","inherent"
"1578",60,"texture","smooth",20,0.15,"English","inherent"
"1579",60,"age","new",21,0.17,"English","inherent"
"1580",60,"size","long",22,0.1,"English","inherent"
"1581",60,"size","tiny",23,0.1,"English","inherent"
"1582",60,"size","small",24,0.08,"English","inherent"
"1583",60,"material","plastic",25,0.05,"English","inherent"
"1584",60,"shape","round",26,0,"English","inherent"
"1585",60,"texture","hard",27,0.1,"English","inherent"
"1586",60,"age","old",28,0.21,"English","inherent"
"1613",62,"color","brown",3,0.43,"English","inherent"
"1614",62,"texture","smooth",4,0.26,"English","inherent"
"1615",62,"size","small",5,0.71,"English","inherent"
"1616",62,"color","purple",6,0.1,"English","inherent"
"1617",62,"size","tiny",7,0.81,"English","inherent"
"1618",62,"age","fresh",8,0.18,"English","inherent"
"1619",62,"size","short",9,0.31,"English","inherent"
"1620",62,"size","huge",10,0.72,"English","inherent"
"1621",62,"age","rotten",11,0.03,"English","inherent"
"1622",62,"shape","round",12,0.17,"English","inherent"
"1623",62,"size","long",13,0.81,"English","inherent"
"1624",62,"shape","square",14,0.21,"English","inherent"
"1625",62,"size","big",15,0.86,"English","inherent"
"1626",62,"color","blue",16,0.01,"English","inherent"
"1627",62,"material","plastic",17,0.01,"English","inherent"
"1628",62,"age","new",18,0.71,"English","inherent"
"1629",62,"material","wooden",19,0.04,"English","inherent"
"1630",62,"age","old",20,0.89,"English","inherent"
"1631",62,"quality","good",21,0.83,"English","inherent"
"1632",62,"color","red",22,0.91,"English","inherent"
"1633",62,"color","green",23,0.35,"English","inherent"
"1634",62,"quality","bad",24,0.6,"English","inherent"
"1635",62,"color","yellow",25,0.02,"English","inherent"
"1636",62,"texture","hard",26,0.63,"English","inherent"
"1637",62,"texture","soft",27,0.14,"English","inherent"
"1638",62,"material","metal",28,0,"English","inherent"
"1639",63,"material","plastic",3,0.77,"English","inherent"
"1640",63,"color","green",4,0.77,"English","inherent"
"1641",63,"size","short",5,0.21,"English","inherent"
"1642",63,"size","small",6,0.66,"English","inherent"
"1643",63,"age","fresh",7,0.3,"English","inherent"
"1644",63,"age","rotten",8,0.91,"English","inherent"
"1645",63,"shape","square",9,0.12,"English","inherent"
"1646",63,"texture","smooth",10,0.07,"English","inherent"
"1647",63,"color","blue",11,1,"English","inherent"
"1648",63,"color","brown",12,0.21,"English","inherent"
"1649",63,"size","huge",13,0.13,"English","inherent"
"1650",63,"age","new",14,0.66,"English","inherent"
"1651",63,"quality","good",15,0.3,"English","inherent"
"1652",63,"material","metal",16,0.18,"English","inherent"
"1653",63,"quality","bad",17,0.72,"English","inherent"
"1654",63,"color","yellow",18,0.25,"English","inherent"
"1655",63,"texture","soft",19,0.14,"English","inherent"
"1656",63,"color","purple",20,0.75,"English","inherent"
"1657",63,"shape","round",21,0.16,"English","inherent"
"1658",63,"age","old",22,0.19,"English","inherent"
"1659",63,"color","red",23,0.74,"English","inherent"
"1660",63,"size","tiny",24,0.48,"English","inherent"
"1661",63,"material","wooden",25,0.71,"English","inherent"
"1662",63,"texture","hard",26,0.16,"English","inherent"
"1663",63,"size","big",27,0.64,"English","inherent"
"1664",63,"size","long",28,0.52,"English","inherent"
"1665",64,"age","rotten",3,0,"english","inherent"
"1666",64,"size","big",4,0.75,"english","inherent"
"1667",64,"color","yellow",5,0.69,"english","inherent"
"1668",64,"size","tiny",6,0.72,"english","inherent"
"1669",64,"quality","bad",7,0.8,"english","inherent"
"1670",64,"shape","square",8,0,"english","inherent"
"1671",64,"texture","soft",9,0.57,"english","inherent"
"1672",64,"color","purple",10,0.74,"english","inherent"
"1673",64,"age","old",11,0.53,"english","inherent"
"1674",64,"color","blue",12,0.05,"english","inherent"
"1675",64,"color","brown",13,0.49,"english","inherent"
"1676",64,"color","green",14,0.31,"english","inherent"
"1677",64,"texture","smooth",15,0.11,"english","inherent"
"1678",64,"texture","hard",16,0.58,"english","inherent"
"1679",64,"material","plastic",17,0.27,"english","inherent"
"1680",64,"material","metal",18,0.56,"english","inherent"
"1681",64,"quality","good",19,0.62,"english","inherent"
"1682",64,"material","wooden",20,0.42,"english","inherent"
"1683",64,"size","long",21,0.71,"english","inherent"
"1684",64,"color","red",22,0.36,"english","inherent"
"1685",64,"size","short",23,0.55,"english","inherent"
"1686",64,"size","huge",24,0.74,"english","inherent"
"1687",64,"shape","round",25,0.3,"english","inherent"
"1688",64,"age","new",26,0.69,"english","inherent"
"1689",64,"size","small",27,0.77,"english","inherent"
"1690",64,"age","fresh",28,0.8,"english","inherent"
"1717",66,"color","green",3,0,"English","inherent"
"1718",66,"size","tiny",4,1,"English","inherent"
"1719",66,"shape","square",5,0.16,"English","inherent"
"1720",66,"shape","round",6,0.48,"English","inherent"
"1721",66,"age","fresh",7,0.99,"English","inherent"
"1722",66,"texture","smooth",8,0.33,"English","inherent"
"1723",66,"material","metal",9,1,"English","inherent"
"1724",66,"color","brown",10,0.38,"English","inherent"
"1725",66,"color","blue",11,0.33,"English","inherent"
"1726",66,"age","old",12,1,"English","inherent"
"1727",66,"color","red",13,0.23,"English","inherent"
"1728",66,"color","yellow",14,0.75,"English","inherent"
"1729",66,"age","new",15,1,"English","inherent"
"1730",66,"texture","soft",16,1,"English","inherent"
"1731",66,"size","short",17,0.68,"English","inherent"
"1732",66,"color","purple",18,0.37,"English","inherent"
"1733",66,"quality","bad",19,1,"English","inherent"
"1734",66,"size","small",20,1,"English","inherent"
"1735",66,"size","huge",21,1,"English","inherent"
"1736",66,"material","plastic",22,1,"English","inherent"
"1737",66,"texture","hard",23,0.96,"English","inherent"
"1738",66,"age","rotten",24,0.67,"English","inherent"
"1739",66,"size","big",25,0.69,"English","inherent"
"1740",66,"quality","good",26,0.99,"English","inherent"
"1741",66,"material","wooden",27,0.42,"English","inherent"
"1742",66,"size","long",28,0.98,"English","inherent"
"1743",67,"texture","soft",3,0.96,"English","inherent"
"1744",67,"age","fresh",4,0.96,"English","inherent"
"1745",67,"size","small",5,0.43,"English","inherent"
"1746",67,"color","green",6,0.98,"English","inherent"
"1747",67,"quality","bad",7,0.03,"English","inherent"
"1748",67,"texture","smooth",8,0.67,"English","inherent"
"1749",67,"material","wooden",9,0.03,"English","inherent"
"1750",67,"material","plastic",10,0.05,"English","inherent"
"1751",67,"age","new",11,0.06,"English","inherent"
"1752",67,"age","rotten",12,0.03,"English","inherent"
"1753",67,"size","huge",13,0.75,"English","inherent"
"1754",67,"color","brown",14,0.03,"English","inherent"
"1755",67,"shape","round",15,0.98,"English","inherent"
"1756",67,"color","yellow",16,0.02,"English","inherent"
"1757",67,"quality","good",17,0.75,"English","inherent"
"1758",67,"size","tiny",18,0.77,"English","inherent"
"1759",67,"size","long",19,0.78,"English","inherent"
"1760",67,"shape","square",20,0.97,"English","inherent"
"1761",67,"size","short",21,0.94,"English","inherent"
"1762",67,"color","red",22,0.45,"English","inherent"
"1763",67,"texture","hard",23,0.02,"English","inherent"
"1764",67,"material","metal",24,0.95,"English","inherent"
"1765",67,"color","purple",25,0.03,"English","inherent"
"1766",67,"size","big",26,0.46,"English","inherent"
"1767",67,"color","blue",27,0.74,"English","inherent"
"1768",67,"age","old",28,0.46,"English","inherent"
"1769",68,"color","red",3,0.81,"English","inherent"
"1770",68,"size","huge",4,0.82,"English","inherent"
"1771",68,"material","metal",5,0.84,"English","inherent"
"1772",68,"color","purple",6,1,"English","inherent"
"1773",68,"material","wooden",7,0.64,"English","inherent"
"1774",68,"material","plastic",8,1,"English","inherent"
"1775",68,"texture","smooth",9,0.5,"English","inherent"
"1776",68,"texture","soft",10,0.76,"English","inherent"
"1777",68,"age","old",11,1,"English","inherent"
"1778",68,"size","big",12,1,"English","inherent"
"1779",68,"age","new",13,0.62,"English","inherent"
"1780",68,"size","short",14,0.65,"English","inherent"
"1781",68,"quality","bad",15,1,"English","inherent"
"1782",68,"size","tiny",16,0.38,"English","inherent"
"1783",68,"size","small",17,0.48,"English","inherent"
"1784",68,"color","green",18,0.87,"English","inherent"
"1785",68,"shape","round",19,0.74,"English","inherent"
"1786",68,"size","long",20,0.6,"English","inherent"
"1787",68,"quality","good",21,0.13,"English","inherent"
"1788",68,"color","blue",22,1,"English","inherent"
"1789",68,"age","fresh",23,0.24,"English","inherent"
"1790",68,"shape","square",24,0.28,"English","inherent"
"1791",68,"color","yellow",25,1,"English","inherent"
"1792",68,"texture","hard",26,0.53,"English","inherent"
"1793",68,"age","rotten",27,1,"English","inherent"
"1794",68,"color","brown",28,0.76,"English","inherent"
"1795",69,"texture","soft",3,0,"English","inherent"
"1796",69,"quality","bad",4,0.93,"English","inherent"
"1797",69,"size","small",5,0.94,"English","inherent"
"1798",69,"color","purple",6,1,"English","inherent"
"1799",69,"size","huge",7,0,"English","inherent"
"1800",69,"quality","good",8,0,"English","inherent"
"1801",69,"texture","hard",9,0,"English","inherent"
"1802",69,"shape","square",10,0.01,"English","inherent"
"1803",69,"size","short",11,0.59,"English","inherent"
"1804",69,"color","yellow",12,0,"English","inherent"
"1805",69,"size","tiny",13,0.03,"English","inherent"
"1806",69,"color","green",14,0.06,"English","inherent"
"1807",69,"color","brown",15,0.06,"English","inherent"
"1808",69,"color","blue",16,0.03,"English","inherent"
"1809",69,"size","big",17,0.04,"English","inherent"
"1810",69,"size","long",18,0.15,"English","inherent"
"1811",69,"shape","round",19,0.11,"English","inherent"
"1812",69,"texture","smooth",20,0.09,"English","inherent"
"1813",69,"color","red",21,0.07,"English","inherent"
"1814",69,"age","old",22,0.13,"English","inherent"
"1815",69,"age","rotten",23,0.94,"English","inherent"
"1816",69,"material","plastic",24,0.1,"English","inherent"
"1817",69,"material","metal",25,0.45,"English","inherent"
"1818",69,"age","new",26,0.48,"English","inherent"
"1819",69,"material","wooden",27,0.28,"English","inherent"
"1820",69,"age","fresh",28,0.05,"English","inherent"
"1847",71,"quality","good",3,0.63,"English","inherent"
"1848",71,"material","wooden",4,0.76,"English","inherent"
"1849",71,"color","brown",5,0.55,"English","inherent"
"1850",71,"size","long",6,0.32,"English","inherent"
"1851",71,"color","purple",7,0.68,"English","inherent"
"1852",71,"texture","soft",8,0.52,"English","inherent"
"1853",71,"age","old",9,0.78,"English","inherent"
"1854",71,"color","green",10,0.34,"English","inherent"
"1855",71,"quality","bad",11,0.77,"English","inherent"
"1856",71,"texture","smooth",12,0.83,"English","inherent"
"1857",71,"size","small",13,0.4,"English","inherent"
"1858",71,"color","yellow",14,0.69,"English","inherent"
"1859",71,"texture","hard",15,0.22,"English","inherent"
"1860",71,"shape","round",16,0.71,"English","inherent"
"1861",71,"material","metal",17,0,"English","inherent"
"1862",71,"material","plastic",18,0.52,"English","inherent"
"1863",71,"color","blue",19,0.39,"English","inherent"
"1864",71,"age","rotten",20,0.82,"English","inherent"
"1865",71,"size","huge",21,0.46,"English","inherent"
"1866",71,"color","red",22,0.63,"English","inherent"
"1867",71,"age","new",23,0.71,"English","inherent"
"1868",71,"age","fresh",24,0.25,"English","inherent"
"1869",71,"size","tiny",25,0.31,"English","inherent"
"1870",71,"size","big",26,0.55,"English","inherent"
"1871",71,"size","short",27,0.17,"English","inherent"
"1872",71,"shape","square",28,0.32,"English","inherent"
