"","workerid","noun","nounclass","slide_number","sense","predicate2","predicate1","class2","response","class1","language","makes_sense"
"1",0,"money","X",3,"no","thick","large","material",0.48,"dimension","english","no"
"2",0,"grandfather","X",4,NA,"last","young","X",1,"speed","english","yes"
"3",0,"resort","X",5,NA,"new","vietnamese","speed",0.99,"physical","english","yes"
"4",0,"system","X",6,NA,"designated","designated","value",0.02,"age","english","yes"
"5",0,"sauce","X",7,NA,"lacy","individual","X",0.96,"dimension","english","yes"
"6",0,"sauce","X",8,NA,"japanese","creamy","value",0.04,"material","english","yes"
"7",0,"money","X",9,NA,"individual","lavish","value",0.89,"dimension","english","yes"
"8",0,"field","X",10,NA,"entrepreneurial","potential","physical",0.09,"human","english","yes"
"9",0,"way","X",11,NA,"strange","purple","location",0.88,"human","english","yes"
"10",0,"grandchild","X",12,NA,"favorite","different","dimension",0.82,"age","english","yes"
"11",0,"conscience","X",13,NA,"last","prestigious","X",0.07,"nationality","english","yes"
"12",0,"power","X",14,NA,"professional","strange","temporal",0.93,"age","english","yes"
"13",0,"income","X",15,NA,"thick","designated","material",0.93,"age","english","yes"
"14",0,"food","X",16,NA,"biggest","professional","value",0.09,"material","english","yes"
"15",0,"day","X",17,NA,"senior","red","speed",0.92,"physical","english","yes"
"16",0,"behavior","X",18,NA,"european","curly","temporal",0.14,"color","english","yes"
"17",0,"hand","X",19,NA,"old-time","white","physical",0.88,"dimension","english","yes"
"18",0,"lifestyle","X",20,NA,"thin","old","physical",0.85,"human","english","yes"
"19",0,"trunk","X",21,NA,"yellow","english","nationality",0.06,"human","english","yes"
"20",0,"lettering","X",22,NA,"different","designated","human",0.09,"age","english","yes"
"21",0,"letter","X",23,NA,"civilized","pleasant","human",0.91,"dimension","english","yes"
"22",0,"vacation","X",24,NA,"last","overhead","X",0.04,"material","english","yes"
"23",0,"hair","X",25,NA,"solid","last","nationality",0.09,"location","english","yes"
"24",0,"point","X",26,NA,"young","thin","physical",0.12,"human","english","yes"
"25",0,"lettering","X",27,NA,"selfish","potential","X",0.75,"human","english","yes"
"26",0,"city","X",28,NA,"individual","brazilian","value",0.1,"nationality","english","yes"
"27",0,"environment","X",29,NA,"green","smooth","physical",0.25,"location","english","yes"
"28",0,"place","X",30,NA,"sad","lacy","X",0.03,"temporal","english","yes"
"29",0,"letter","X",31,NA,"red","different","X",0.96,"age","english","yes"
"30",0,"meat","X",32,NA,"entrepreneurial","exciting","physical",0.92,"dimension","english","yes"
"31",1,"money","X",3,"no","exciting","pleasant","value",0.46,"dimension","English","no"
"32",1,"guy","X",4,NA,"exciting","prestigious","value",0.37,"nationality","English","yes"
"33",1,"town","X",5,NA,"selfish","national","X",0.77,"value","English","yes"
"34",1,"food","X",6,NA,"individual","selfish","value",0.79,"temporal","English","yes"
"35",1,"satire","X",7,"no","closest","curly","material",0.56,"color","English","no"
"36",1,"ride","X",8,NA,"designated","strict","value",0.83,"temporal","English","yes"
"37",1,"environment","X",9,NA,"frozen","brazilian","temporal",0.09,"nationality","English","yes"
"38",1,"ski","X",10,NA,"european","green","temporal",0.79,"shape","English","yes"
"39",1,"lifestyle","X",11,NA,"black","individual","shape",0.86,"dimension","English","yes"
"40",1,"letter","X",12,"no","mixed","entrepreneurial","value",0.54,"physical","English","no"
"41",1,"type","X",13,NA,"professional","prestigious","temporal",0.82,"nationality","English","yes"
"42",1,"ride","X",14,NA,"best","mini","X",0.19,"color","English","yes"
"43",1,"dog","X",15,NA,"strange","senior","location",0.23,"age","English","yes"
"44",1,"student","X",16,NA,"lacy","hispanic","X",0.91,"temporal","English","yes"
"45",1,"world","X",17,NA,"favorite","junior","dimension",0.81,"color","English","yes"
"46",1,"service","X",18,NA,"white","internal","X",0.12,"color","English","yes"
"47",1,"sense","X",19,NA,"english","mini","nationality",0.88,"color","English","yes"
"48",1,"computer","X",20,NA,"national","pleasant","physical",0.86,"dimension","English","yes"
"49",1,"lettering","X",21,NA,"selfish","narrow","X",0.14,"color","English","yes"
"50",1,"one","X",22,NA,"lacy","thick","X",0.12,"shape","English","yes"
"51",1,"being","X",23,"no","entrepreneurial","closest","physical",0.52,"nationality","English","no"
"52",1,"shot","X",24,NA,"new","old","speed",0.88,"human","English","yes"
"53",1,"snake","X",25,"no","sweet","sweet","physical",0.5,"age","English","no"
"54",1,"type","X",26,NA,"civilized","long","human",0.16,"color","English","yes"
"55",1,"guy","X",27,NA,"selfish","sweet","X",0.18,"age","English","yes"
"56",1,"goal","X",28,NA,"white","blue","X",0.12,"physical","English","yes"
"57",1,"vacation","X",29,NA,"yellow","last","nationality",0.89,"location","English","yes"
"58",1,"factor","X",30,NA,"playful","best","temporal",0.06,"physical","English","yes"
"59",1,"benefit","X",31,NA,"brazilian","strange","human",0.83,"age","English","yes"
"60",1,"pet","X",32,NA,"thin","individual","physical",0.79,"dimension","English","yes"
"61",2,"tollway","X",3,NA,"professional","purple","temporal",0.66,"human","English","yes"
"62",2,"parent","X",4,NA,"biggest","different","value",0.38,"age","English","yes"
"63",2,"death","X",5,NA,"lacy","long","X",0.09,"color","English","yes"
"64",2,"slant","X",6,NA,"selfish","green","X",0,"shape","English","yes"
"65",2,"garbage","X",7,NA,"vietnamese","narrow","material",0.74,"color","English","yes"
"66",2,"power","X",8,NA,"best","long","X",0.25,"color","English","yes"
"67",2,"money","X",9,NA,"hispanic","sad","value",0.29,"physical","English","yes"
"68",2,"labrador","X",10,NA,"spicy","purple","nationality",1,"human","English","yes"
"69",2,"death","X",11,NA,"civilized","large","human",1,"dimension","English","yes"
"70",2,"can","X",12,NA,"mixed","curly","value",0,"color","English","yes"
"71",2,"driveway","X",13,NA,"japanese","european","value",0.23,"nationality","English","yes"
"72",2,"money","X",14,NA,"hispanic","european","value",0,"nationality","English","yes"
"73",2,"mouth","X",15,NA,"mixed","sad","value",0.23,"physical","English","yes"
"74",2,"coke","X",16,NA,"closest","designated","material",0.75,"age","English","yes"
"75",2,"voice","X",17,NA,"plain","crocheted","dimension",0.02,"age","English","yes"
"76",2,"book","X",18,"no","thin","new","physical",0.33,"color","English","no"
"77",2,"grandfather","X",19,NA,"mini","long","nationality",0.95,"color","English","yes"
"78",2,"house","X",20,NA,"exciting","black","value",0.78,"physical","English","yes"
"79",2,"behavior","X",21,"no","open","purple","location",0.42,"human","English","no"
"80",2,"baby","X",22,NA,"different","plain","human",0.59,"dimension","English","yes"
"81",2,"shrimp","X",23,"no","thin","junior","physical",0.32,"color","English","no"
"82",2,"banking","X",24,NA,"japanese","last","value",0.01,"location","English","yes"
"83",2,"bin","X",25,NA,"best","token","X",0.33,"value","English","yes"
"84",2,"burden","X",26,NA,"last","different","X",0.34,"age","English","yes"
"85",2,"enemy","X",27,"no","potential","new","human",0.69,"color","English","no"
"86",2,"can","X",28,NA,"best","narrow","X",0.04,"color","English","yes"
"87",2,"sauce","X",29,"no","junior","different","human",0.61,"age","English","no"
"88",2,"rib","X",30,NA,"exciting","green","value",0.12,"shape","English","yes"
"89",2,"citizen","X",31,NA,"international","smooth","speed",0.37,"location","English","yes"
"90",2,"paper","X",32,NA,"curly","corduroy","nationality",0.68,"color","English","yes"
"91",3,"background","X",3,NA,"long","crocheted","color",0.96,"age","english","yes"
"92",3,"research","X",4,NA,"young","european","physical",0.02,"nationality","english","yes"
"93",3,"coke","X",5,NA,"hispanic","junior","value",0.92,"color","english","yes"
"94",3,"dough","X",6,NA,"selfish","unique","X",0.98,"human","english","yes"
"95",3,"club","X",7,NA,"unique","plain","human",0.06,"dimension","english","yes"
"96",3,"lab","X",8,NA,"selfish","new","X",0.04,"color","english","yes"
"97",3,"phrase","X",9,NA,"curly","internal","nationality",0.94,"color","english","yes"
"98",3,"slant","X",10,NA,"best","curly","X",0.94,"color","english","yes"
"99",3,"driveway","X",11,NA,"designated","green","value",0.07,"shape","english","yes"
"100",3,"engine","X",12,NA,"narrow","purple","shape",0.95,"human","english","yes"
"101",3,"pan","X",13,NA,"mini","new","nationality",0.99,"color","english","yes"
"102",3,"brush","X",14,NA,"strict","corduroy","nationality",0.98,"color","english","yes"
"103",3,"sound","X",15,"no","international","creamy","speed",0.51,"material","english","no"
"104",3,"house","X",16,NA,"last","crocheted","X",0.96,"age","english","yes"
"105",3,"labrador","X",17,NA,"lavish","favorite","X",0.97,"value","english","yes"
"106",3,"engine","X",18,NA,"yellow","old-time","nationality",0.93,"human","english","yes"
"107",3,"money","X",19,NA,"exciting","best","value",0.92,"physical","english","yes"
"108",3,"report","X",20,NA,"black","overhead","shape",0.97,"material","english","yes"
"109",3,"background","X",21,"no","blonde","english","value",0.54,"human","english","no"
"110",3,"spirit","X",22,NA,"professional","frozen","temporal",0.93,"nationality","english","yes"
"111",3,"dough","X",23,NA,"biggest","new","value",0.99,"color","english","yes"
"112",3,"decision","X",24,NA,"individual","unique","value",0.98,"human","english","yes"
"113",3,"ride","X",25,NA,"junior","corduroy","human",0.96,"color","english","yes"
"114",3,"suit","X",26,NA,"senior","playful","speed",0.95,"human","english","yes"
"115",3,"stuff","X",27,NA,"red","civilized","X",0.87,"location","english","yes"
"116",3,"policy","X",28,NA,"red","old","X",0.93,"human","english","yes"
"117",3,"grandfather","X",29,NA,"frozen","thick","temporal",0.99,"shape","english","yes"
"118",3,"sand","X",30,NA,"young","solid","physical",0.98,"nationality","english","yes"
"119",3,"trunk","X",31,NA,"last","thin","X",0.97,"human","english","yes"
"120",3,"day","X",32,NA,"thin","curly","physical",0.96,"color","english","yes"
"121",4,"color","X",3,NA,"smooth","old","location",0.72,"human","English","yes"
"122",4,"crime","X",4,NA,"solid","unique","nationality",0.34,"human","English","yes"
"123",4,"code","X",5,"no","national","junior","physical",0.49,"color","English","no"
"124",4,"opinion","X",6,NA,"white","international","X",0.82,"value","English","yes"
"125",4,"resort","X",7,"no","international","crocheted","speed",0.67,"age","English","no"
"126",4,"sauce","X",8,NA,"hispanic","strange","value",0.76,"age","English","yes"
"127",4,"film","X",9,NA,"white","crocheted","X",0.24,"age","English","yes"
"128",4,"wind","X",10,"no","playful","prestigious","temporal",0.12,"nationality","English","no"
"129",4,"ride","X",11,NA,"old-time","junior","physical",0.17,"color","English","yes"
"130",4,"point","X",12,"no","spicy","creamy","nationality",0.19,"material","English","no"
"131",4,"shot","X",13,NA,"thin","potential","physical",0.85,"human","English","yes"
"132",4,"vacation","X",14,NA,"exciting","professional","value",0.86,"material","English","yes"
"133",4,"ride","X",15,NA,"closest","corduroy","material",0.87,"color","English","yes"
"134",4,"source","X",16,"no","blonde","sweet","value",0.14,"age","English","no"
"135",4,"party","X",17,"no","thin","yellow","physical",0.53,"dimension","English","no"
"136",4,"opinion","X",18,"no","smooth","mini","location",0.48,"color","English","no"
"137",4,"offender","X",19,"no","potential","narrow","human",0.49,"color","English","no"
"138",4,"type","X",20,"no","narrow","blue","shape",0.56,"physical","English","no"
"139",4,"trunk","X",21,"no","professional","european","temporal",0.46,"nationality","English","no"
"140",4,"recipe","X",22,NA,"best","new","X",0.1,"color","English","yes"
"141",4,"room","X",23,"no","creative","thin","material",0.51,"human","English","no"
"142",4,"autobiography","X",24,"no","red","curly","X",0.54,"color","English","no"
"143",4,"field","X",25,NA,"green","long","physical",0.14,"color","English","yes"
"144",4,"plan","X",26,NA,"token","designated","color",0.84,"age","English","yes"
"145",4,"banking","X",27,"no","black","open","shape",0.45,"nationality","English","no"
"146",4,"college","X",28,NA,"vietnamese","purple","material",0.78,"human","English","yes"
"147",4,"number","X",29,"no","senior","new","speed",0.2,"color","English","no"
"148",4,"system","X",30,NA,"white","purple","X",0.19,"human","English","yes"
"149",4,"luck","X",31,"no","sweet","open","physical",0.15,"nationality","English","no"
"150",4,"student","X",32,NA,"last","unique","X",0.89,"human","English","yes"
"151",5,"sauce","X",3,"no","old-time","old","physical",0.19,"human","english","no"
"152",5,"situation","X",4,"no","different","long","human",0.13,"color","english","no"
"153",5,"book","X",5,"no","black","crocheted","shape",0.17,"age","english","no"
"154",5,"thing","X",6,NA,"open","crocheted","location",0.06,"age","english","yes"
"155",5,"solution","X",7,NA,"old","civilized","physical",0.83,"location","english","yes"
"156",5,"lab","X",8,NA,"mixed","civilized","value",0.86,"location","english","yes"
"157",5,"driveway","X",9,NA,"selfish","new","X",0.1,"color","english","yes"
"158",5,"engine","X",10,NA,"thin","lavish","physical",0.9,"dimension","english","yes"
"159",5,"fish","X",11,NA,"old-time","senior","physical",0.05,"age","english","yes"
"160",5,"system","X",12,NA,"strict","narrow","nationality",0.1,"color","english","yes"
"161",5,"income","X",13,NA,"curly","narrow","nationality",0.89,"color","english","yes"
"162",5,"hair","X",14,NA,"lacy","corduroy","X",0.08,"color","english","yes"
"163",5,"bin","X",15,NA,"european","creamy","temporal",0.88,"material","english","yes"
"164",5,"car","X",16,NA,"solid","white","nationality",0.84,"dimension","english","yes"
"165",5,"world","X",17,NA,"narrow","old-time","shape",0.86,"human","english","yes"
"166",5,"lifestyle","X",18,NA,"sad","frozen","X",0,"nationality","english","yes"
"167",5,"problem","X",19,NA,"new","internal","speed",0.1,"color","english","yes"
"168",5,"time","X",20,NA,"best","mixed","X",0.82,"value","english","yes"
"169",5,"rib","X",21,NA,"vietnamese","unique","material",0.88,"human","english","yes"
"170",5,"shell","X",22,NA,"senior","closest","speed",0.11,"nationality","english","yes"
"171",5,"farm","X",23,NA,"large","corduroy","dimension",0.08,"color","english","yes"
"172",5,"trash","X",24,"no","senior","blue","speed",0.85,"physical","english","no"
"173",5,"money","X",25,NA,"individual","solid","value",0.17,"nationality","english","yes"
"174",5,"city","X",26,NA,"hispanic","smooth","value",0.14,"location","english","yes"
"175",5,"way","X",27,NA,"prestigious","crocheted","dimension",0.83,"age","english","yes"
"176",5,"city","X",28,"no","old","old-time","physical",0.82,"human","english","no"
"177",5,"system","X",29,"no","new","old","speed",0.84,"human","english","no"
"178",5,"day","X",30,"no","creative","yellow","material",0.85,"dimension","english","no"
"179",5,"trunk","X",31,"no","young","strange","physical",0.12,"age","english","no"
"180",5,"strip","X",32,NA,"pleasant","long","nationality",0.14,"color","english","yes"
"181",6,"strip","X",3,"no","blue","narrow","human",0.08,"color","English","no"
"182",6,"labrador","X",4,NA,"strict","senior","nationality",0.91,"age","English","yes"
"183",6,"letter","X",5,NA,"plain","mini","dimension",0.91,"color","English","yes"
"184",6,"letter","X",6,NA,"lavish","curly","X",0.92,"color","English","yes"
"185",6,"banking","X",7,"no","thin","junior","physical",0.01,"color","English","no"
"186",6,"music","X",8,NA,"mixed","open","value",0.02,"nationality","English","yes"
"187",6,"income","X",9,NA,"sweet","spicy","physical",0.11,"nationality","English","yes"
"188",6,"bag","X",10,NA,"frozen","sweet","temporal",0.89,"age","English","yes"
"189",6,"one","X",11,NA,"lacy","large","X",0.89,"dimension","English","yes"
"190",6,"brush","X",12,NA,"old","old","physical",0.93,"human","English","yes"
"191",6,"pet","X",13,"no","professional","japanese","temporal",1,"speed","English","no"
"192",6,"recipe","X",14,NA,"young","english","physical",0.91,"human","English","yes"
"193",6,"feeling","X",15,NA,"exciting","thick","value",0.93,"shape","English","yes"
"194",6,"change","X",16,NA,"last","sad","X",0.93,"physical","English","yes"
"195",6,"sauce","X",17,"no","sad","playful","X",0.89,"human","English","no"
"196",6,"radio","X",18,NA,"european","civilized","temporal",0.92,"location","English","yes"
"197",6,"phrase","X",19,NA,"favorite","crocheted","dimension",0.95,"age","English","yes"
"198",6,"letter","X",20,"no","blonde","blonde","value",0.06,"speed","English","no"
"199",6,"town","X",21,NA,"individual","lavish","value",0.93,"dimension","English","yes"
"200",6,"can","X",22,NA,"best","biggest","X",0.09,"value","English","yes"
"201",6,"line","X",23,"no","blonde","different","value",0.95,"age","English","no"
"202",6,"can","X",24,NA,"japanese","vietnamese","value",0.09,"physical","English","yes"
"203",6,"world","X",25,"no","designated","sweet","value",0.87,"age","English","no"
"204",6,"nation","X",26,NA,"green","large","physical",0.88,"dimension","English","yes"
"205",6,"reinforcement","X",27,NA,"european","sad","temporal",0.88,"physical","English","yes"
"206",6,"school","X",28,NA,"white","curly","X",0.89,"color","English","yes"
"207",6,"stuff","X",29,NA,"red","designated","X",0.9,"age","English","yes"
"208",6,"crime","X",30,NA,"creamy","strange","color",0.88,"age","English","yes"
"209",6,"code","X",31,NA,"closest","senior","material",0.88,"age","English","yes"
"210",6,"wind","X",32,"no","last","new","X",0.08,"color","English","no"
"211",7,"issue","X",3,"no","last","favorite","X",0.47,"value","English","no"
"212",7,"reinforcement","X",4,NA,"senior","lavish","speed",0.65,"dimension","English","yes"
"213",7,"ski","X",5,NA,"creative","white","material",0.2,"dimension","English","yes"
"214",7,"shot","X",6,NA,"blonde","black","value",0.2,"physical","English","yes"
"215",7,"autobiography","X",7,NA,"open","narrow","location",0.23,"color","English","yes"
"216",7,"rib","X",8,NA,"japanese","pleasant","value",0.16,"dimension","English","yes"
"217",7,"bag","X",9,NA,"frozen","red","temporal",0.79,"physical","English","yes"
"218",7,"club","X",10,NA,"black","entrepreneurial","shape",0.79,"physical","English","yes"
"219",7,"guy","X",11,NA,"new","last","speed",0.79,"location","English","yes"
"220",7,"point","X",12,NA,"green","thin","physical",0.84,"human","English","yes"
"221",7,"source","X",13,NA,"selfish","creamy","X",0.79,"material","English","yes"
"222",7,"change","X",14,NA,"professional","long","temporal",0.75,"color","English","yes"
"223",7,"spirit","X",15,NA,"mixed","large","value",0.22,"dimension","English","yes"
"224",7,"number","X",16,NA,"japanese","yellow","value",0.5,"dimension","English","yes"
"225",7,"driveway","X",17,NA,"black","black","shape",0.27,"physical","English","yes"
"226",7,"conscience","X",18,NA,"mixed","overhead","value",0.23,"material","English","yes"
"227",7,"wood","X",19,NA,"european","individual","temporal",0.24,"dimension","English","yes"
"228",7,"topic","X",20,NA,"last","frozen","X",0.27,"nationality","English","yes"
"229",7,"college","X",21,NA,"potential","curly","human",0.25,"color","English","yes"
"230",7,"paper","X",22,NA,"thin","professional","physical",0.77,"material","English","yes"
"231",7,"weather","X",23,NA,"white","lavish","X",0.77,"dimension","English","yes"
"232",7,"grandfather","X",24,NA,"last","strict","X",0.82,"temporal","English","yes"
"233",7,"reason","X",25,NA,"strict","crocheted","nationality",0.8,"age","English","yes"
"234",7,"day","X",26,NA,"spicy","professional","nationality",0.22,"material","English","yes"
"235",7,"grandchild","X",27,NA,"solid","corduroy","nationality",0.81,"color","English","yes"
"236",7,"pet","X",28,NA,"best","brazilian","X",0.28,"nationality","English","yes"
"237",7,"coverage","X",29,NA,"european","thick","temporal",0.77,"shape","English","yes"
"238",7,"rib","X",30,NA,"spicy","long","nationality",0.79,"color","English","yes"
"239",7,"term","X",31,NA,"lacy","crocheted","X",0.8,"age","English","yes"
"240",7,"boy","X",32,NA,"individual","internal","value",0.85,"color","English","yes"
"241",8,"banking","X",3,NA,"strange","mini","location",0.06,"color","english","yes"
"242",8,"opinion","X",4,NA,"black","old-time","shape",0.89,"human","english","yes"
"243",8,"coke","X",5,NA,"purple","long","dimension",0.1,"color","english","yes"
"244",8,"coverage","X",6,NA,"curly","old","nationality",0.88,"human","english","yes"
"245",8,"child","X",7,NA,"japanese","creative","value",0.1,"material","english","yes"
"246",8,"offender","X",8,NA,"english","crocheted","nationality",0.86,"age","english","yes"
"247",8,"day","X",9,NA,"designated","playful","value",0.15,"human","english","yes"
"248",8,"rate","X",10,NA,"best","corduroy","X",0.09,"color","english","yes"
"249",8,"meat","X",11,NA,"selfish","green","X",0.07,"shape","english","yes"
"250",8,"color","X",12,NA,"thin","corduroy","physical",0.1,"color","english","yes"
"251",8,"recipe","X",13,NA,"blue","junior","human",0.12,"color","english","yes"
"252",8,"reason","X",14,NA,"smooth","mini","location",0.13,"color","english","yes"
"253",8,"puppy","X",15,NA,"selfish","last","X",0.15,"location","english","yes"
"254",8,"form","X",16,NA,"prestigious","crocheted","dimension",0.85,"age","english","yes"
"255",8,"mouth","X",17,NA,"strange","internal","location",0.55,"color","english","yes"
"256",8,"death","X",18,NA,"brazilian","large","human",0.91,"dimension","english","yes"
"257",8,"place","X",19,NA,"mixed","curly","value",0.13,"color","english","yes"
"258",8,"environment","X",20,NA,"thin","brazilian","physical",0.57,"nationality","english","yes"
"259",8,"ride","X",21,NA,"biggest","hispanic","value",0.85,"temporal","english","yes"
"260",8,"farm","X",22,NA,"creative","curly","material",0.82,"color","english","yes"
"261",8,"world","X",23,NA,"old-time","unique","physical",0.1,"human","english","yes"
"262",8,"change","X",24,NA,"blonde","creative","value",0.17,"material","english","yes"
"263",8,"power","X",25,NA,"green","potential","physical",0.22,"human","english","yes"
"264",8,"problem","X",26,NA,"exciting","plain","value",0.16,"dimension","english","yes"
"265",8,"parent","X",27,NA,"european","individual","temporal",0.22,"dimension","english","yes"
"266",8,"number","X",28,NA,"favorite","crocheted","dimension",0.24,"age","english","yes"
"267",8,"wind","X",29,NA,"old-time","purple","physical",0.82,"human","english","yes"
"268",8,"sand","X",30,NA,"designated","hispanic","value",0.51,"temporal","english","yes"
"269",8,"leadership","X",31,NA,"sad","creative","X",0.52,"material","english","yes"
"270",8,"power","X",32,NA,"senior","vietnamese","speed",0.14,"physical","english","yes"
"271",9,"situation","X",3,NA,"lavish","lavish","X",0.9,"dimension","english","yes"
"272",9,"bin","X",4,NA,"hispanic","blonde","value",0,"speed","english","yes"
"273",9,"problem","X",5,NA,"black","vietnamese","shape",1,"physical","english","yes"
"274",9,"teller","X",6,NA,"potential","designated","human",0,"age","english","yes"
"275",9,"book","X",7,NA,"senior","white","speed",1,"dimension","english","yes"
"276",9,"reinforcement","X",8,NA,"european","crocheted","temporal",0,"age","english","yes"
"277",9,"recipe","X",9,NA,"national","civilized","physical",1,"location","english","yes"
"278",9,"region","X",10,NA,"biggest","professional","value",1,"material","english","yes"
"279",9,"money","X",11,NA,"designated","individual","value",0,"dimension","english","yes"
"280",9,"teller","X",12,NA,"new","creative","speed",0,"material","english","yes"
"281",9,"recipe","X",13,"no","lacy","overhead","X",0,"material","english","no"
"282",9,"dough","X",14,NA,"purple","internal","dimension",0,"color","english","yes"
"283",9,"parent","X",15,NA,"curly","potential","nationality",1,"human","english","yes"
"284",9,"problem","X",16,NA,"potential","yellow","human",1,"dimension","english","yes"
"285",9,"way","X",17,NA,"white","exciting","X",1,"dimension","english","yes"
"286",9,"point","X",18,NA,"gold","crocheted","dimension",1,"age","english","yes"
"287",9,"reinforcement","X",19,NA,"strict","last","nationality",1,"location","english","yes"
"288",9,"plate","X",20,NA,"corduroy","new","dimension",0,"color","english","yes"
"289",9,"casserole","X",21,NA,"long","senior","color",1,"age","english","yes"
"290",9,"plate","X",22,NA,"individual","lavish","value",1,"dimension","english","yes"
"291",9,"dog","X",23,NA,"creative","narrow","material",0,"color","english","yes"
"292",9,"boy","X",24,NA,"smooth","old","location",1,"human","english","yes"
"293",9,"color","X",25,NA,"european","solid","temporal",1,"nationality","english","yes"
"294",9,"letter","X",26,NA,"individual","last","value",0,"location","english","yes"
"295",9,"grandfather","X",27,NA,"blonde","strange","value",0,"age","english","yes"
"296",9,"lifestyle","X",28,NA,"white","favorite","X",0,"value","english","yes"
"297",9,"burden","X",29,NA,"national","european","physical",0,"nationality","english","yes"
"298",9,"day","X",30,NA,"mini","creamy","nationality",1,"material","english","yes"
"299",9,"burden","X",31,NA,"red","junior","X",0.05,"color","english","yes"
"300",9,"lifestyle","X",32,NA,"international","designated","speed",1,"age","english","yes"
"301",10,"list","X",3,NA,"mixed","hispanic","value",0.01,"temporal","English","yes"
"302",10,"perspective","X",4,"no","thin","large","physical",0.52,"dimension","English","no"
"303",10,"music","X",5,NA,"selfish","wooden","X",0.98,"value","English","yes"
"304",10,"luxury","X",6,NA,"hispanic","gold","value",0.02,"physical","English","yes"
"305",10,"system","X",7,NA,"mixed","open","value",0.01,"nationality","English","yes"
"306",10,"sense","X",8,NA,"thick","strange","material",0.97,"age","English","yes"
"307",10,"child","X",9,"no","red","professional","X",0.58,"material","English","no"
"308",10,"house","X",10,NA,"vietnamese","senior","material",0.03,"age","English","yes"
"309",10,"teller","X",11,NA,"lacy","unique","X",0.03,"human","English","yes"
"310",10,"plan","X",12,NA,"sad","curly","X",0.01,"color","English","yes"
"311",10,"vitamin","X",13,NA,"senior","gold","speed",0.05,"physical","English","yes"
"312",10,"casserole","X",14,NA,"lacy","civilized","X",0.97,"location","English","yes"
"313",10,"feeling","X",15,NA,"sweet","large","physical",0.98,"dimension","English","yes"
"314",10,"being","X",16,NA,"closest","thin","material",0.77,"human","English","yes"
"315",10,"meat","X",17,NA,"lacy","blue","X",0.37,"physical","English","yes"
"316",10,"autobiography","X",18,NA,"long","senior","color",0.27,"age","English","yes"
"317",10,"stuff","X",19,NA,"individual","gold","value",0.72,"physical","English","yes"
"318",10,"reinforcement","X",20,NA,"lavish","old-time","X",0.19,"human","English","yes"
"319",10,"type","X",21,NA,"lacy","closest","X",0.53,"nationality","English","yes"
"320",10,"coverage","X",22,NA,"japanese","creative","value",0.26,"material","English","yes"
"321",10,"boy","X",23,"no","national","new","physical",0.49,"color","English","no"
"322",10,"guy","X",24,NA,"english","potential","nationality",0.94,"human","English","yes"
"323",10,"college","X",25,"no","sweet","last","physical",0.5,"location","English","no"
"324",10,"bag","X",26,NA,"young","potential","physical",0.63,"human","English","yes"
"325",10,"child","X",27,"no","pleasant","lavish","nationality",0.53,"dimension","English","no"
"326",10,"actor","X",28,NA,"designated","strange","value",0.16,"age","English","yes"
"327",10,"autobiography","X",29,NA,"designated","plain","value",0.32,"dimension","English","yes"
"328",10,"pan","X",30,NA,"favorite","junior","dimension",0.12,"color","English","yes"
"329",10,"radio","X",31,NA,"playful","playful","temporal",0.13,"human","English","yes"
"330",10,"truth","X",32,NA,"senior","creamy","speed",0.2,"material","English","yes"
"331",11,"world","X",3,NA,"sweet","white","physical",0.78,"dimension","English","yes"
"332",11,"brush","X",4,NA,"senior","english","speed",0.09,"human","English","yes"
"333",11,"report","X",5,NA,"corduroy","strange","dimension",0.75,"age","English","yes"
"334",11,"radio","X",6,NA,"creative","pleasant","material",0.14,"dimension","English","yes"
"335",11,"citizen","X",7,NA,"mixed","white","value",0.82,"dimension","English","yes"
"336",11,"death","X",8,NA,"international","individual","speed",0.16,"dimension","English","yes"
"337",11,"style","X",9,"no","best","purple","X",0.52,"human","English","no"
"338",11,"income","X",10,NA,"sad","prestigious","X",0.6,"nationality","English","yes"
"339",11,"burden","X",11,NA,"last","lacy","X",0.66,"temporal","English","yes"
"340",11,"decision","X",12,NA,"lavish","hispanic","X",0.71,"temporal","English","yes"
"341",11,"area","X",13,NA,"national","lavish","physical",0.85,"dimension","English","yes"
"342",11,"teller","X",14,NA,"playful","entrepreneurial","temporal",0.79,"physical","English","yes"
"343",11,"paper","X",15,NA,"open","exciting","location",0.14,"dimension","English","yes"
"344",11,"leadership","X",16,NA,"blonde","yellow","value",0.84,"dimension","English","yes"
"345",11,"luck","X",17,NA,"best","sad","X",0.04,"physical","English","yes"
"346",11,"tax","X",18,NA,"open","purple","location",0.14,"human","English","yes"
"347",11,"film","X",19,NA,"black","last","shape",0.73,"location","English","yes"
"348",11,"look","X",20,NA,"open","thin","location",0.73,"human","English","yes"
"349",11,"conscience","X",21,NA,"japanese","different","value",0.72,"age","English","yes"
"350",11,"voice","X",22,NA,"best","new","X",0.78,"color","English","yes"
"351",11,"pet","X",23,NA,"mini","curly","nationality",0.79,"color","English","yes"
"352",11,"time","X",24,NA,"last","new","X",0.72,"color","English","yes"
"353",11,"actor","X",25,NA,"blonde","english","value",0.77,"human","English","yes"
"354",11,"driveway","X",26,NA,"creative","different","material",0.74,"age","English","yes"
"355",11,"leadership","X",27,NA,"hispanic","corduroy","value",0.1,"color","English","yes"
"356",11,"life","X",28,NA,"professional","black","temporal",0.83,"physical","English","yes"
"357",11,"puppy","X",29,NA,"mixed","senior","value",0.7,"age","English","yes"
"358",11,"paper","X",30,NA,"strict","creamy","nationality",0.73,"material","English","yes"
"359",11,"life","X",31,NA,"designated","prestigious","value",0.73,"nationality","English","yes"
"360",11,"corporation","X",32,NA,"national","narrow","physical",0.67,"color","English","yes"
"361",12,"child","X",3,"no","best","potential","X",0.02,"human","English","no"
"362",12,"source","X",4,NA,"pleasant","potential","nationality",0.01,"human","English","yes"
"363",12,"system","X",5,NA,"creative","white","material",0.98,"dimension","English","yes"
"364",12,"resort","X",6,NA,"lacy","civilized","X",0.97,"location","English","yes"
"365",12,"country","X",7,NA,"old-time","strange","physical",0.03,"age","English","yes"
"366",12,"spirit","X",8,NA,"blonde","individual","value",0.04,"dimension","English","yes"
"367",12,"code","X",9,NA,"white","sweet","X",0.02,"age","English","yes"
"368",12,"parent","X",10,NA,"yellow","creamy","nationality",0.02,"material","English","yes"
"369",12,"solution","X",11,NA,"solid","exciting","nationality",0.99,"dimension","English","yes"
"370",12,"goal","X",12,NA,"blue","plain","human",0.04,"dimension","English","yes"
"371",12,"color","X",13,"no","open","old","location",0.94,"human","English","no"
"372",12,"line","X",14,NA,"lacy","english","X",0.96,"human","English","yes"
"373",12,"labrador","X",15,NA,"sad","best","X",0.04,"physical","English","yes"
"374",12,"situation","X",16,NA,"white","plain","X",0.05,"dimension","English","yes"
"375",12,"perspective","X",17,NA,"biggest","open","value",0.01,"nationality","English","yes"
"376",12,"plate","X",18,NA,"red","crocheted","X",0.97,"age","English","yes"
"377",12,"sand","X",19,NA,"crocheted","senior","color",0,"age","English","yes"
"378",12,"farm","X",20,NA,"lavish","international","X",0.97,"value","English","yes"
"379",12,"book","X",21,"no","yellow","mini","nationality",1,"color","English","no"
"380",12,"factor","X",22,"no","creative","sweet","material",0.01,"age","English","no"
"381",12,"college","X",23,NA,"sad","entrepreneurial","X",0.02,"physical","English","yes"
"382",12,"wood","X",24,"no","brazilian","corduroy","human",0.05,"color","English","no"
"383",12,"conscience","X",25,"no","narrow","creative","shape",0.01,"material","English","no"
"384",12,"joke","X",26,NA,"professional","creamy","temporal",0.02,"material","English","yes"
"385",12,"valley","X",27,NA,"thick","different","material",0.97,"age","English","yes"
"386",12,"time","X",28,NA,"biggest","smooth","value",0.98,"location","English","yes"
"387",12,"conversation","X",29,NA,"pleasant","playful","nationality",0.97,"human","English","yes"
"388",12,"field","X",30,NA,"professional","open","temporal",0,"nationality","English","yes"
"389",12,"coverage","X",31,NA,"black","pleasant","shape",0.92,"dimension","English","yes"
"390",12,"issue","X",32,NA,"professional","red","temporal",0.92,"physical","English","yes"
"391",13,"reason","X",3,"no","biggest","vietnamese","value",0,"physical","English","no"
"392",13,"service","X",4,NA,"individual","narrow","value",0.02,"color","English","yes"
"393",13,"death","X",5,"no","vietnamese","plain","material",0.9,"dimension","English","no"
"394",13,"joke","X",6,NA,"black","pleasant","shape",0.83,"dimension","English","yes"
"395",13,"wind","X",7,"no","blonde","lacy","value",0.12,"temporal","English","no"
"396",13,"engine","X",8,"no","blue","strange","human",0.91,"age","English","no"
"397",13,"power","X",9,"no","green","purple","physical",0.11,"human","English","no"
"398",13,"country","X",10,NA,"selfish","unique","X",0.18,"human","English","yes"
"399",13,"style","X",11,NA,"last","purple","X",0.84,"human","English","yes"
"400",13,"vacation","X",12,NA,"exciting","civilized","value",0.99,"location","English","yes"
"401",13,"number","X",13,NA,"gold","different","dimension",0.1,"age","English","yes"
"402",13,"farm","X",14,NA,"european","designated","temporal",0.12,"age","English","yes"
"403",13,"place","X",15,NA,"lacy","old-time","X",0.92,"human","English","yes"
"404",13,"book","X",16,NA,"old-time","lavish","physical",0.96,"dimension","English","yes"
"405",13,"lettering","X",17,NA,"green","junior","physical",0.11,"color","English","yes"
"406",13,"code","X",18,NA,"white","best","X",0.07,"physical","English","yes"
"407",13,"teller","X",19,"no","strict","individual","nationality",0.96,"dimension","English","no"
"408",13,"change","X",20,NA,"potential","strange","human",0.9,"age","English","yes"
"409",13,"thing","X",21,NA,"european","exciting","temporal",0.02,"dimension","English","yes"
"410",13,"nation","X",22,NA,"blonde","black","value",0.95,"physical","English","yes"
"411",13,"wind","X",23,NA,"old","different","physical",0.96,"age","English","yes"
"412",13,"mall","X",24,NA,"red","individual","X",0.95,"dimension","English","yes"
"413",13,"parent","X",25,"no","professional","corduroy","temporal",0.93,"color","English","no"
"414",13,"benefit","X",26,NA,"black","senior","shape",0.96,"age","English","yes"
"415",13,"number","X",27,NA,"blonde","blonde","value",0.05,"speed","English","yes"
"416",13,"corporation","X",28,NA,"individual","vietnamese","value",0.47,"physical","English","yes"
"417",13,"grandchild","X",29,"no","professional","long","temporal",0.04,"color","English","no"
"418",13,"term","X",30,NA,"designated","best","value",0.9,"physical","English","yes"
"419",13,"luck","X",31,NA,"solid","designated","nationality",0.91,"age","English","yes"
"420",13,"city","X",32,NA,"frozen","lavish","temporal",0.98,"dimension","English","yes"
"421",14,"time","X",3,"no","biggest","blue","value",0.27,"physical","English","no"
"422",14,"change","X",4,NA,"white","european","X",0.08,"nationality","English","yes"
"423",14,"lab","X",5,NA,"solid","thin","nationality",0.85,"human","English","yes"
"424",14,"slant","X",6,"no","entrepreneurial","playful","physical",0.8,"human","English","no"
"425",14,"baby","X",7,"no","sad","young","X",0.84,"speed","English","no"
"426",14,"change","X",8,NA,"last","senior","X",0.06,"age","English","yes"
"427",14,"satire","X",9,NA,"exciting","strange","value",0.1,"age","English","yes"
"428",14,"can","X",10,"no","blue","senior","human",0.14,"age","English","no"
"429",14,"being","X",11,NA,"senior","white","speed",0.82,"dimension","English","yes"
"430",14,"ski","X",12,NA,"pleasant","different","nationality",0.87,"age","English","yes"
"431",14,"guy","X",13,NA,"best","gold","X",0.2,"physical","English","yes"
"432",14,"bag","X",14,NA,"sad","selfish","X",0.95,"temporal","English","yes"
"433",14,"driveway","X",15,"no","purple","mini","dimension",0.23,"color","English","no"
"434",14,"country","X",16,"no","mixed","last","value",0.51,"location","English","no"
"435",14,"actor","X",17,"no","lavish","senior","X",0.45,"age","English","no"
"436",14,"ride","X",18,"no","international","best","speed",0.29,"physical","English","no"
"437",14,"benefit","X",19,"no","curly","corduroy","nationality",0.42,"color","English","no"
"438",14,"code","X",20,NA,"playful","pleasant","temporal",0.82,"dimension","English","yes"
"439",14,"weather","X",21,"no","black","designated","shape",0.68,"age","English","no"
"440",14,"opinion","X",22,"no","spicy","junior","nationality",0.58,"color","English","no"
"441",14,"bin","X",23,NA,"hispanic","overhead","value",0.04,"material","English","yes"
"442",14,"bearing","X",24,"no","hispanic","senior","value",0.23,"age","English","no"
"443",14,"service","X",25,NA,"thick","crocheted","material",0.74,"age","English","yes"
"444",14,"perspective","X",26,NA,"selfish","strict","X",0,"temporal","English","yes"
"445",14,"benefit","X",27,NA,"english","smooth","nationality",0.95,"location","English","yes"
"446",14,"time","X",28,NA,"lacy","black","X",0.78,"physical","English","yes"
"447",14,"grandfather","X",29,"no","lavish","professional","X",0.21,"material","English","no"
"448",14,"party","X",30,NA,"mixed","individual","value",0.18,"dimension","English","yes"
"449",14,"meat","X",31,NA,"selfish","yellow","X",0.79,"dimension","English","yes"
"450",14,"labrador","X",32,NA,"potential","corduroy","human",0.05,"color","English","yes"
"451",15,"style","X",3,NA,"unique","junior","human",0,"color","English","yes"
"452",15,"recipe","X",4,NA,"brazilian","junior","human",0.07,"color","English","yes"
"453",15,"reason","X",5,NA,"mixed","lavish","value",0.97,"dimension","English","yes"
"454",15,"sound","X",6,NA,"potential","strange","human",0.58,"age","English","yes"
"455",15,"party","X",7,NA,"best","potential","X",0.14,"human","English","yes"
"456",15,"banking","X",8,NA,"vietnamese","corduroy","material",0.95,"color","English","yes"
"457",15,"topic","X",9,NA,"blue","corduroy","human",0.05,"color","English","yes"
"458",15,"nation","X",10,NA,"english","civilized","nationality",1,"location","English","yes"
"459",15,"house","X",11,NA,"last","lavish","X",0.74,"dimension","English","yes"
"460",15,"wood","X",12,NA,"narrow","vietnamese","shape",0.84,"physical","English","yes"
"461",15,"world","X",13,NA,"smooth","narrow","location",0.78,"color","English","yes"
"462",15,"dough","X",14,NA,"large","junior","dimension",0,"color","English","yes"
"463",15,"resort","X",15,NA,"mixed","european","value",0,"nationality","English","yes"
"464",15,"farm","X",16,NA,"corduroy","junior","dimension",0.1,"color","English","yes"
"465",15,"child","X",17,NA,"selfish","biggest","X",0.84,"value","English","yes"
"466",15,"area","X",18,NA,"yellow","new","nationality",0.9,"color","English","yes"
"467",15,"field","X",19,NA,"internal","strange","color",0.85,"age","English","yes"
"468",15,"student","X",20,NA,"sweet","narrow","physical",0.38,"color","English","yes"
"469",15,"voice","X",21,"no","playful","white","temporal",0.07,"dimension","English","no"
"470",15,"meat","X",22,NA,"closest","curly","material",0.75,"color","English","yes"
"471",15,"world","X",23,NA,"individual","frozen","value",0.09,"nationality","English","yes"
"472",15,"rate","X",24,NA,"designated","professional","value",0.25,"material","English","yes"
"473",15,"situation","X",25,NA,"frozen","last","temporal",0.01,"location","English","yes"
"474",15,"wind","X",26,NA,"european","long","temporal",0.14,"color","English","yes"
"475",15,"casserole","X",27,NA,"old","individual","physical",0.04,"dimension","English","yes"
"476",15,"car","X",28,NA,"strict","different","nationality",1,"age","English","yes"
"477",15,"satire","X",29,NA,"new","purple","speed",0.09,"human","English","yes"
"478",15,"way","X",30,NA,"exciting","entrepreneurial","value",0.33,"physical","English","yes"
"479",15,"bag","X",31,NA,"blonde","curly","value",0.09,"color","English","yes"
"480",15,"can","X",32,NA,"international","european","speed",0,"nationality","English","yes"
"481",16,"farm","X",3,"no","biggest","green","value",0.16,"shape","English","no"
"482",16,"nation","X",4,NA,"favorite","different","dimension",0.3,"age","English","yes"
"483",16,"issue","X",5,NA,"closest","smooth","material",0.85,"location","English","yes"
"484",16,"resort","X",6,NA,"old","strange","physical",0.18,"age","English","yes"
"485",16,"one","X",7,"no","mixed","sad","value",0.33,"physical","English","no"
"486",16,"list","X",8,NA,"yellow","unique","nationality",0.99,"human","English","yes"
"487",16,"environment","X",9,"no","international","red","speed",0.84,"physical","English","no"
"488",16,"power","X",10,NA,"white","spicy","X",0.06,"nationality","English","yes"
"489",16,"line","X",11,NA,"thick","new","material",0.94,"color","English","yes"
"490",16,"club","X",12,NA,"japanese","english","value",0.13,"human","English","yes"
"491",16,"time","X",13,"no","biggest","japanese","value",0.24,"speed","English","no"
"492",16,"dog","X",14,"no","sad","potential","X",0.22,"human","English","no"
"493",16,"lettering","X",15,NA,"entrepreneurial","large","physical",0.9,"dimension","English","yes"
"494",16,"wood","X",16,NA,"overhead","narrow","human",0.13,"color","English","yes"
"495",16,"ski","X",17,"no","white","prestigious","X",0.49,"nationality","English","no"
"496",16,"death","X",18,NA,"hispanic","internal","value",0.06,"color","English","yes"
"497",16,"puppy","X",19,"no","civilized","large","human",0.79,"dimension","English","no"
"498",16,"vitamin","X",20,"no","last","green","X",0.16,"shape","English","no"
"499",16,"sauce","X",21,"no","favorite","designated","dimension",0.78,"age","English","no"
"500",16,"pan","X",22,"no","last","civilized","X",0.85,"location","English","no"
"501",16,"banking","X",23,"no","sweet","open","physical",0.56,"nationality","English","no"
"502",16,"point","X",24,NA,"biggest","strange","value",0.14,"age","English","yes"
"503",16,"region","X",25,NA,"curly","purple","nationality",0.89,"human","English","yes"
"504",16,"meat","X",26,"no","playful","old-time","temporal",0.19,"human","English","no"
"505",16,"word","X",27,"no","international","sweet","speed",0.22,"age","English","no"
"506",16,"autobiography","X",28,NA,"smooth","individual","location",0.87,"dimension","English","yes"
"507",16,"rate","X",29,NA,"professional","european","temporal",0.54,"nationality","English","yes"
"508",16,"casserole","X",30,"no","entrepreneurial","new","physical",0.16,"color","English","no"
"509",16,"code","X",31,NA,"best","favorite","X",0.2,"value","English","yes"
"510",16,"list","X",32,"no","junior","white","human",0.82,"dimension","English","no"
"511",17,"goal","X",3,"no","best","white","X",0.26,"dimension","English","no"
"512",17,"conversation","X",4,NA,"lavish","designated","X",0.98,"age","English","yes"
"513",17,"point","X",5,NA,"smooth","old","location",0.17,"human","English","yes"
"514",17,"money","X",6,NA,"blonde","long","value",0,"color","English","yes"
"515",17,"hair","X",7,"no","international","professional","speed",0.09,"material","English","no"
"516",17,"libertarian","X",8,NA,"national","pleasant","physical",0.1,"dimension","English","yes"
"517",17,"trash","X",9,NA,"white","closest","X",0,"nationality","English","yes"
"518",17,"rib","X",10,NA,"blonde","brazilian","value",0.92,"nationality","English","yes"
"519",17,"boy","X",11,"no","best","thick","X",0.09,"shape","English","no"
"520",17,"crime","X",12,"no","black","last","shape",0.06,"location","English","no"
"521",17,"slant","X",13,NA,"closest","large","material",0.96,"dimension","English","yes"
"522",17,"boy","X",14,NA,"individual","senior","value",0.03,"age","English","yes"
"523",17,"goal","X",15,NA,"narrow","yellow","shape",0.98,"dimension","English","yes"
"524",17,"place","X",16,NA,"english","large","nationality",0.91,"dimension","English","yes"
"525",17,"grandfather","X",17,NA,"individual","english","value",0.06,"human","English","yes"
"526",17,"line","X",18,NA,"old-time","lavish","physical",0.94,"dimension","English","yes"
"527",17,"nation","X",19,NA,"biggest","designated","value",0.07,"age","English","yes"
"528",17,"phrase","X",20,NA,"new","frozen","speed",0.04,"nationality","English","yes"
"529",17,"way","X",21,NA,"strange","purple","location",0.93,"human","English","yes"
"530",17,"dog","X",22,NA,"old-time","closest","physical",0.02,"nationality","English","yes"
"531",17,"snake","X",23,"no","lavish","overhead","X",0.15,"material","English","no"
"532",17,"opinion","X",24,"no","creative","senior","material",0,"age","English","no"
"533",17,"behavior","X",25,NA,"international","creamy","speed",0.05,"material","English","yes"
"534",17,"day","X",26,NA,"japanese","japanese","value",0,"speed","English","yes"
"535",17,"trial","X",27,NA,"blonde","european","value",0.05,"nationality","English","yes"
"536",17,"pan","X",28,NA,"sad","purple","X",0,"human","English","yes"
"537",17,"opinion","X",29,NA,"last","smooth","X",0,"location","English","yes"
"538",17,"house","X",30,NA,"lacy","creative","X",0,"material","English","yes"
"539",17,"world","X",31,NA,"professional","blue","temporal",0.01,"physical","English","yes"
"540",17,"driveway","X",32,NA,"new","sweet","speed",0.05,"age","English","yes"
"541",18,"policy","X",3,NA,"english","junior","nationality",0.21,"color","English","yes"
"542",18,"joke","X",4,NA,"vietnamese","mini","material",0.82,"color","English","yes"
"543",18,"dough","X",5,NA,"frozen","open","temporal",0,"nationality","English","yes"
"544",18,"hand","X",6,NA,"frozen","prestigious","temporal",0,"nationality","English","yes"
"545",18,"place","X",7,NA,"biggest","strange","value",0,"age","English","yes"
"546",18,"system","X",8,NA,"yellow","junior","nationality",0.22,"color","English","yes"
"547",18,"engine","X",9,NA,"vietnamese","purple","material",1,"human","English","yes"
"548",18,"benefit","X",10,NA,"individual","different","value",0,"age","English","yes"
"549",18,"behavior","X",11,NA,"biggest","creative","value",0,"material","English","yes"
"550",18,"factor","X",12,NA,"national","creative","physical",0,"material","English","yes"
"551",18,"reinforcement","X",13,NA,"smooth","individual","location",0.21,"dimension","English","yes"
"552",18,"story","X",14,NA,"civilized","exciting","human",0.79,"dimension","English","yes"
"553",18,"perspective","X",15,NA,"hispanic","individual","value",0.23,"dimension","English","yes"
"554",18,"hand","X",16,NA,"crocheted","senior","color",0,"age","English","yes"
"555",18,"actor","X",17,NA,"solid","professional","nationality",0,"material","English","yes"
"556",18,"parent","X",18,NA,"lacy","brazilian","X",0,"nationality","English","yes"
"557",18,"engine","X",19,NA,"smooth","yellow","location",0.86,"dimension","English","yes"
"558",18,"bag","X",20,NA,"exciting","vietnamese","value",0.18,"physical","English","yes"
"559",18,"death","X",21,NA,"closest","narrow","material",0.2,"color","English","yes"
"560",18,"sand","X",22,NA,"sad","solid","X",0.27,"nationality","English","yes"
"561",18,"line","X",23,NA,"best","closest","X",0,"nationality","English","yes"
"562",18,"teller","X",24,NA,"biggest","thin","value",0,"human","English","yes"
"563",18,"weather","X",25,NA,"old","long","physical",0.15,"color","English","yes"
"564",18,"can","X",26,NA,"junior","corduroy","human",0.18,"color","English","yes"
"565",18,"code","X",27,NA,"red","plain","X",0.21,"dimension","English","yes"
"566",18,"field","X",28,NA,"crocheted","crocheted","color",1,"age","English","yes"
"567",18,"casserole","X",29,NA,"red","creamy","X",0,"material","English","yes"
"568",18,"phrase","X",30,NA,"spicy","senior","nationality",0.2,"age","English","yes"
"569",18,"field","X",31,NA,"sad","plain","X",0,"dimension","English","yes"
"570",18,"story","X",32,NA,"lacy","exciting","X",0.83,"dimension","English","yes"
"571",19,"luck","X",3,"no","closest","mini","material",0.95,"color","English","no"
"572",19,"can","X",4,NA,"lacy","red","X",0.97,"physical","English","yes"
"573",19,"student","X",5,NA,"national","plain","physical",0.02,"dimension","English","yes"
"574",19,"dog","X",6,NA,"lavish","strange","X",1,"age","English","yes"
"575",19,"country","X",7,NA,"wooden","sweet","color",0.99,"age","English","yes"
"576",19,"wind","X",8,NA,"green","frozen","physical",0.03,"nationality","English","yes"
"577",19,"banking","X",9,NA,"last","creamy","X",0.02,"material","English","yes"
"578",19,"mouth","X",10,NA,"vietnamese","old","material",0.98,"human","English","yes"
"579",19,"nation","X",11,NA,"square","different","color",0.97,"age","English","yes"
"580",19,"driveway","X",12,NA,"best","large","X",0.04,"dimension","English","yes"
"581",19,"change","X",13,NA,"yellow","exciting","nationality",0.98,"dimension","English","yes"
"582",19,"boy","X",14,NA,"thin","brazilian","physical",0.03,"nationality","English","yes"
"583",19,"town","X",15,NA,"red","japanese","X",0.99,"speed","English","yes"
"584",19,"suit","X",16,NA,"narrow","last","shape",0.98,"location","English","yes"
"585",19,"level","X",17,NA,"lavish","circular","X",0.96,"value","English","yes"
"586",19,"valley","X",18,NA,"exciting","internal","value",0.02,"color","English","yes"
"587",19,"problem","X",19,NA,"new","senior","speed",0.02,"age","English","yes"
"588",19,"perspective","X",20,NA,"lacy","sweet","X",0.98,"age","English","yes"
"589",19,"hair","X",21,NA,"smooth","potential","location",0.02,"human","English","yes"
"590",19,"corporation","X",22,NA,"individual","unique","value",0.99,"human","English","yes"
"591",19,"lifestyle","X",23,NA,"best","exciting","X",0.02,"dimension","English","yes"
"592",19,"environment","X",24,NA,"closest","lavish","material",0.07,"dimension","English","yes"
"593",19,"book","X",25,NA,"solid","crocheted","nationality",0,"age","English","yes"
"594",19,"type","X",26,NA,"different","corduroy","human",0.96,"color","English","yes"
"595",19,"number","X",27,NA,"professional","green","temporal",0.02,"shape","English","yes"
"596",19,"shrimp","X",28,NA,"red","spicy","X",0.98,"nationality","English","yes"
"597",19,"trunk","X",29,NA,"blonde","civilized","value",0.03,"location","English","yes"
"598",19,"room","X",30,NA,"playful","last","temporal",0,"location","English","yes"
"599",19,"burden","X",31,NA,"japanese","white","value",0.97,"dimension","English","yes"
"600",19,"conversation","X",32,NA,"red","crocheted","X",0.96,"age","English","yes"
"601",20,"food","X",3,NA,"best","plain","X",0.04,"dimension","english","yes"
"602",20,"luck","X",4,NA,"mini","corduroy","nationality",0.05,"color","english","yes"
"603",20,"city","X",5,NA,"fast","designated","color",0.99,"age","english","yes"
"604",20,"valley","X",6,NA,"frozen","civilized","temporal",0.97,"location","english","yes"
"605",20,"burden","X",7,NA,"lavish","playful","X",0.96,"human","english","yes"
"606",20,"grandchild","X",8,NA,"japanese","japanese","value",0.08,"speed","english","yes"
"607",20,"rib","X",9,NA,"blonde","internal","value",0,"color","english","yes"
"608",20,"trial","X",10,NA,"pleasant","creative","nationality",0.02,"material","english","yes"
"609",20,"form","X",11,NA,"old","narrow","physical",0.02,"color","english","yes"
"610",20,"leadership","X",12,NA,"selfish","international","X",0.95,"value","english","yes"
"611",20,"phrase","X",13,NA,"individual","pleasant","value",0.03,"dimension","english","yes"
"612",20,"sand","X",14,NA,"blue","large","human",0.98,"dimension","english","yes"
"613",20,"rib","X",15,NA,"frozen","overhead","temporal",0.02,"material","english","yes"
"614",20,"room","X",16,NA,"playful","mini","temporal",0.03,"color","english","yes"
"615",20,"power","X",17,NA,"creative","sweet","material",0.94,"age","english","yes"
"616",20,"slant","X",18,NA,"red","overhead","X",0.04,"material","english","yes"
"617",20,"sauce","X",19,NA,"black","designated","shape",0.02,"age","english","yes"
"618",20,"lifestyle","X",20,NA,"blue","corduroy","human",0.01,"color","english","yes"
"619",20,"code","X",21,NA,"last","unique","X",0.05,"human","english","yes"
"620",20,"actor","X",22,NA,"junior","crocheted","human",0.02,"age","english","yes"
"621",20,"food","X",23,NA,"old","junior","physical",0.04,"color","english","yes"
"622",20,"garbage","X",24,NA,"mixed","smooth","value",0.96,"location","english","yes"
"623",20,"ski","X",25,NA,"overhead","pleasant","human",0.98,"dimension","english","yes"
"624",20,"voice","X",26,NA,"exciting","thin","value",0.97,"human","english","yes"
"625",20,"service","X",27,NA,"sweet","solid","physical",0.98,"nationality","english","yes"
"626",20,"power","X",28,NA,"japanese","mini","value",0.04,"color","english","yes"
"627",20,"stuff","X",29,NA,"hispanic","large","value",0.97,"dimension","english","yes"
"628",20,"world","X",30,NA,"new","open","speed",0.07,"nationality","english","yes"
"629",20,"being","X",31,NA,"individual","crocheted","value",0.23,"age","english","yes"
"630",20,"region","X",32,NA,"new","blue","speed",0.1,"physical","english","yes"
"631",21,"conscience","X",3,NA,"senior","large","speed",1,"dimension","English","yes"
"632",21,"wood","X",4,NA,"creative","plain","material",1,"dimension","English","yes"
"633",21,"trash","X",5,NA,"unique","junior","human",0,"color","English","yes"
"634",21,"lettering","X",6,NA,"pleasant","old","nationality",1,"human","English","yes"
"635",21,"banking","X",7,"no","yellow","creative","nationality",0,"material","English","no"
"636",21,"crime","X",8,NA,"potential","internal","human",0,"color","English","yes"
"637",21,"house","X",9,NA,"lavish","strange","X",1,"age","English","yes"
"638",21,"banking","X",10,NA,"plain","designated","dimension",1,"age","English","yes"
"639",21,"student","X",11,NA,"strange","white","location",1,"dimension","English","yes"
"640",21,"puppy","X",12,NA,"hispanic","sweet","value",0,"age","English","yes"
"641",21,"factor","X",13,NA,"thick","smooth","material",1,"location","English","yes"
"642",21,"background","X",14,NA,"selfish","overhead","X",0,"material","English","yes"
"643",21,"service","X",15,NA,"large","new","dimension",0,"color","English","yes"
"644",21,"voice","X",16,NA,"white","thick","X",0.02,"shape","English","yes"
"645",21,"region","X",17,NA,"exciting","unique","value",0.04,"human","English","yes"
"646",21,"pan","X",18,NA,"strict","designated","nationality",1,"age","English","yes"
"647",21,"luck","X",19,"no","last","favorite","X",0.99,"value","English","no"
"648",21,"point","X",20,NA,"senior","strange","speed",1,"age","English","yes"
"649",21,"reason","X",21,"no","open","narrow","location",0.99,"color","English","no"
"650",21,"pan","X",22,NA,"yellow","pleasant","nationality",1,"dimension","English","yes"
"651",21,"nation","X",23,NA,"biggest","civilized","value",0,"location","English","yes"
"652",21,"day","X",24,NA,"professional","entrepreneurial","temporal",0,"physical","English","yes"
"653",21,"music","X",25,NA,"japanese","corduroy","value",0,"color","English","yes"
"654",21,"offender","X",26,NA,"mixed","purple","value",0.97,"human","English","yes"
"655",21,"source","X",27,NA,"lavish","new","X",0.01,"color","English","yes"
"656",21,"shell","X",28,"no","lavish","old","X",1,"human","English","no"
"657",21,"shrimp","X",29,NA,"japanese","spicy","value",0.01,"nationality","English","yes"
"658",21,"crime","X",30,NA,"hispanic","japanese","value",0,"speed","English","yes"
"659",21,"plate","X",31,"no","sweet","mini","physical",1,"color","English","no"
"660",21,"ride","X",32,NA,"smooth","corduroy","location",0,"color","English","yes"
"661",22,"world","X",3,NA,"open","old","location",0.22,"human","English","yes"
"662",22,"boat","X",4,NA,"best","internal","X",0,"color","English","yes"
"663",22,"music","X",5,NA,"hispanic","senior","value",0.21,"age","English","yes"
"664",22,"burden","X",6,NA,"black","closest","shape",0,"nationality","English","yes"
"665",22,"engine","X",7,NA,"lavish","japanese","X",1,"speed","English","yes"
"666",22,"field","X",8,"no","japanese","creative","value",0.27,"material","English","no"
"667",22,"solution","X",9,NA,"old-time","unique","physical",0.92,"human","English","yes"
"668",22,"crime","X",10,NA,"strict","thin","nationality",0.9,"human","English","yes"
"669",22,"thing","X",11,NA,"sweet","last","physical",0.15,"location","English","yes"
"670",22,"strip","X",12,NA,"white","pleasant","X",0.88,"dimension","English","yes"
"671",22,"leadership","X",13,NA,"selfish","sad","X",0.1,"physical","English","yes"
"672",22,"background","X",14,NA,"lacy","circular","X",0.82,"value","English","yes"
"673",22,"resort","X",15,NA,"thick","civilized","material",0.26,"location","English","yes"
"674",22,"change","X",16,NA,"designated","old","value",0.15,"human","English","yes"
"675",22,"term","X",17,NA,"spicy","mini","nationality",0.84,"color","English","yes"
"676",22,"lifestyle","X",18,"no","sweet","civilized","physical",0.14,"location","English","no"
"677",22,"thing","X",19,NA,"strict","overhead","nationality",0.85,"material","English","yes"
"678",22,"offender","X",20,NA,"last","smooth","X",0,"location","English","yes"
"679",22,"car","X",21,NA,"european","closest","temporal",0.05,"nationality","English","yes"
"680",22,"dough","X",22,NA,"sad","international","X",0.84,"value","English","yes"
"681",22,"school","X",23,NA,"individual","lavish","value",0.7,"dimension","English","yes"
"682",22,"town","X",24,NA,"biggest","selfish","value",0.88,"temporal","English","yes"
"683",22,"voice","X",25,"no","best","strange","X",0.54,"age","English","no"
"684",22,"region","X",26,NA,"biggest","plain","value",0.1,"dimension","English","yes"
"685",22,"labrador","X",27,NA,"designated","junior","value",0.14,"color","English","yes"
"686",22,"student","X",28,NA,"new","sweet","speed",0.07,"age","English","yes"
"687",22,"trash","X",29,"no","narrow","designated","shape",0.77,"age","English","no"
"688",22,"source","X",30,NA,"exciting","civilized","value",0.09,"location","English","yes"
"689",22,"color","X",31,NA,"closest","plain","material",0.29,"dimension","English","yes"
"690",22,"opinion","X",32,NA,"entrepreneurial","frozen","physical",0.57,"nationality","English","yes"
"691",23,"sound","X",3,NA,"hispanic","closest","value",0,"nationality","English","yes"
"692",23,"weather","X",4,"no","young","corduroy","physical",0.45,"color","English","no"
"693",23,"student","X",5,NA,"best","black","X",0.9,"physical","English","yes"
"694",23,"letter","X",6,NA,"solid","overhead","nationality",0.17,"material","English","yes"
"695",23,"grandchild","X",7,NA,"vietnamese","junior","material",0.5,"color","English","yes"
"696",23,"shell","X",8,NA,"long","designated","color",0.9,"age","English","yes"
"697",23,"dough","X",9,"no","solid","professional","nationality",0.48,"material","English","no"
"698",23,"guy","X",10,NA,"national","last","physical",0.83,"location","English","yes"
"699",23,"pet","X",11,NA,"curly","old-time","nationality",0.83,"human","English","yes"
"700",23,"behavior","X",12,NA,"red","wooden","X",0.49,"value","English","yes"
"701",23,"film","X",13,NA,"lacy","international","X",0.84,"value","English","yes"
"702",23,"lettering","X",14,NA,"green","european","physical",0.23,"nationality","English","yes"
"703",23,"perspective","X",15,NA,"hispanic","crocheted","value",0.13,"age","English","yes"
"704",23,"way","X",16,NA,"mixed","sweet","value",0.15,"age","English","yes"
"705",23,"benefit","X",17,NA,"mixed","mini","value",0.34,"color","English","yes"
"706",23,"goal","X",18,NA,"best","crocheted","X",0.16,"age","English","yes"
"707",23,"satire","X",19,NA,"exciting","selfish","value",0.5,"temporal","English","yes"
"708",23,"word","X",20,NA,"individual","unique","value",0.37,"human","English","yes"
"709",23,"dough","X",21,NA,"internal","strange","color",0.83,"age","English","yes"
"710",23,"research","X",22,NA,"lacy","junior","X",0.5,"color","English","yes"
"711",23,"term","X",23,NA,"white","spicy","X",0.05,"nationality","English","yes"
"712",23,"time","X",24,NA,"japanese","sweet","value",0.48,"age","English","yes"
"713",23,"typewriter","X",25,"no","sweet","mini","physical",0.49,"color","English","no"
"714",23,"vacation","X",26,NA,"blonde","civilized","value",0.78,"location","English","yes"
"715",23,"stuff","X",27,NA,"civilized","plain","human",0.3,"dimension","English","yes"
"716",23,"type","X",28,NA,"blue","long","human",0.23,"color","English","yes"
"717",23,"autobiography","X",29,NA,"last","wooden","X",0.77,"value","English","yes"
"718",23,"report","X",30,"no","thin","solid","physical",0.48,"nationality","English","no"
"719",23,"plate","X",31,NA,"european","black","temporal",0.88,"physical","English","yes"
"720",23,"problem","X",32,NA,"different","curly","human",0.14,"color","English","yes"
"721",24,"hair","X",3,"no","young","smooth","physical",0.9,"location","English","no"
"722",24,"plan","X",4,NA,"senior","designated","speed",0,"age","English","yes"
"723",24,"vitamin","X",5,NA,"exciting","old","value",1,"human","English","yes"
"724",24,"letter","X",6,NA,"international","smooth","speed",0.88,"location","English","yes"
"725",24,"reinforcement","X",7,NA,"last","potential","X",0.19,"human","English","yes"
"726",24,"dough","X",8,NA,"individual","green","value",0.09,"shape","English","yes"
"727",24,"strip","X",9,NA,"brazilian","corduroy","human",0.91,"color","English","yes"
"728",24,"libertarian","X",10,NA,"last","smooth","X",0.06,"location","English","yes"
"729",24,"city","X",11,NA,"lacy","frozen","X",0.03,"nationality","English","yes"
"730",24,"reinforcement","X",12,NA,"last","senior","X",0,"age","English","yes"
"731",24,"labrador","X",13,NA,"favorite","senior","dimension",0.97,"age","English","yes"
"732",24,"coverage","X",14,NA,"black","sweet","shape",0.98,"age","English","yes"
"733",24,"income","X",15,NA,"biggest","mini","value",0,"color","English","yes"
"734",24,"reinforcement","X",16,NA,"last","plain","X",0.03,"dimension","English","yes"
"735",24,"dog","X",17,NA,"european","pleasant","temporal",0.96,"dimension","English","yes"
"736",24,"shot","X",18,NA,"vietnamese","thin","material",1,"human","English","yes"
"737",24,"teller","X",19,NA,"red","lavish","X",0.96,"dimension","English","yes"
"738",24,"autobiography","X",20,"no","senior","entrepreneurial","speed",0.91,"physical","English","no"
"739",24,"wind","X",21,NA,"mixed","pleasant","value",0.01,"dimension","English","yes"
"740",24,"being","X",22,NA,"thick","different","material",0.99,"age","English","yes"
"741",24,"teller","X",23,NA,"mixed","blonde","value",0.01,"speed","English","yes"
"742",24,"snake","X",24,NA,"curly","english","nationality",0.03,"human","English","yes"
"743",24,"day","X",25,NA,"white","blonde","X",0.03,"speed","English","yes"
"744",24,"plan","X",26,NA,"overhead","corduroy","human",0.94,"color","English","yes"
"745",24,"reinforcement","X",27,NA,"creative","exciting","material",0.96,"dimension","English","yes"
"746",24,"child","X",28,NA,"international","brazilian","speed",0,"nationality","English","yes"
"747",24,"farm","X",29,NA,"sweet","white","physical",0.99,"dimension","English","yes"
"748",24,"letter","X",30,NA,"large","corduroy","dimension",0.03,"color","English","yes"
"749",24,"puppy","X",31,NA,"sad","frozen","X",0,"nationality","English","yes"
"750",24,"room","X",32,NA,"hispanic","sweet","value",0.05,"age","English","yes"
"751",25,"valley","X",3,"no","brazilian","yellow","human",0.66,"dimension","english","no"
"752",25,"country","X",4,"no","best","potential","X",0.47,"human","english","no"
"753",25,"number","X",5,"no","green","old-time","physical",0.59,"human","english","no"
"754",25,"snake","X",6,"no","new","long","speed",0.5,"color","english","no"
"755",25,"field","X",7,"no","blonde","white","value",0.58,"dimension","english","no"
"756",25,"factor","X",8,"no","blonde","thin","value",0.55,"human","english","no"
"757",25,"income","X",9,NA,"senior","unique","speed",0.36,"human","english","yes"
"758",25,"autobiography","X",10,"no","red","professional","X",0.59,"material","english","no"
"759",25,"situation","X",11,NA,"open","internal","location",0.53,"color","english","yes"
"760",25,"phrase","X",12,NA,"blonde","lacy","value",0.64,"temporal","english","yes"
"761",25,"garbage","X",13,NA,"mini","senior","nationality",0.6,"age","english","yes"
"762",25,"casserole","X",14,NA,"lacy","red","X",0.49,"physical","english","yes"
"763",25,"form","X",15,"no","yellow","mini","nationality",0.63,"color","english","no"
"764",25,"source","X",16,NA,"biggest","narrow","value",0.61,"color","english","yes"
"765",25,"computer","X",17,"no","narrow","spicy","shape",0.57,"nationality","english","no"
"766",25,"factor","X",18,NA,"biggest","young","value",0.63,"speed","english","yes"
"767",25,"rib","X",19,NA,"thin","purple","physical",0.57,"human","english","yes"
"768",25,"hand","X",20,"no","yellow","professional","nationality",0.6,"material","english","no"
"769",25,"nation","X",21,"no","spicy","exciting","nationality",0.62,"dimension","english","no"
"770",25,"situation","X",22,"no","black","european","shape",0.63,"nationality","english","no"
"771",25,"policy","X",23,"no","spicy","pleasant","nationality",0.79,"dimension","english","no"
"772",25,"value","X",24,"no","mixed","corduroy","value",0.74,"color","english","no"
"773",25,"town","X",25,"no","last","internal","X",0.87,"color","english","no"
"774",25,"suit","X",26,"no","biggest","best","value",0.67,"physical","english","no"
"775",25,"music","X",27,"no","professional","white","temporal",0.73,"dimension","english","no"
"776",25,"decision","X",28,"no","new","potential","speed",0.59,"human","english","no"
"777",25,"environment","X",29,"no","young","open","physical",0.6,"nationality","english","no"
"778",25,"school","X",30,"no","individual","individual","value",0.76,"dimension","english","no"
"779",25,"dog","X",31,"no","prestigious","sweet","dimension",0.65,"age","english","no"
"780",25,"wind","X",32,"no","black","curly","shape",0.69,"color","english","no"
"781",26,"number","X",3,"no","japanese","blonde","value",0.52,"speed","English","no"
"782",26,"banking","X",4,NA,"hispanic","english","value",0.02,"human","English","yes"
"783",26,"change","X",5,"no","strange","mini","location",0.51,"color","English","no"
"784",26,"brush","X",6,NA,"old","purple","physical",0.74,"human","English","yes"
"785",26,"background","X",7,NA,"english","strange","nationality",0.96,"age","English","yes"
"786",26,"system","X",8,NA,"last","token","X",0.54,"value","English","yes"
"787",26,"lettering","X",9,NA,"last","biggest","X",0.84,"value","English","yes"
"788",26,"shot","X",10,NA,"new","white","speed",0.82,"dimension","English","yes"
"789",26,"feeling","X",11,NA,"playful","vietnamese","temporal",0.17,"physical","English","yes"
"790",26,"suit","X",12,NA,"square","different","color",0.87,"age","English","yes"
"791",26,"letter","X",13,NA,"blonde","old-time","value",0.26,"human","English","yes"
"792",26,"grandchild","X",14,NA,"sad","playful","X",0.68,"human","English","yes"
"793",26,"goal","X",15,NA,"brazilian","lavish","human",0.76,"dimension","English","yes"
"794",26,"day","X",16,NA,"large","long","dimension",0.3,"color","English","yes"
"795",26,"offender","X",17,NA,"designated","internal","value",0.33,"color","English","yes"
"796",26,"radio","X",18,NA,"japanese","senior","value",0.39,"age","English","yes"
"797",26,"pan","X",19,NA,"mini","lavish","nationality",0.87,"dimension","English","yes"
"798",26,"income","X",20,NA,"blonde","last","value",0.22,"location","English","yes"
"799",26,"town","X",21,NA,"mixed","senior","value",0.18,"age","English","yes"
"800",26,"feeling","X",22,"no","sweet","sweet","physical",0.5,"age","English","no"
"801",26,"plate","X",23,NA,"sad","selfish","X",0.78,"temporal","English","yes"
"802",26,"vacation","X",24,NA,"japanese","internal","value",0.28,"color","English","yes"
"803",26,"school","X",25,NA,"strict","pleasant","nationality",0.72,"dimension","English","yes"
"804",26,"dog","X",26,NA,"green","english","physical",0.28,"human","English","yes"
"805",26,"labrador","X",27,NA,"designated","purple","value",0.5,"human","English","yes"
"806",26,"rate","X",28,NA,"exciting","vietnamese","value",0.69,"physical","English","yes"
"807",26,"conscience","X",29,NA,"circular","senior","dimension",0.29,"age","English","yes"
"808",26,"coke","X",30,NA,"blue","narrow","human",0.32,"color","English","yes"
"809",26,"term","X",31,NA,"best","crocheted","X",0.26,"age","English","yes"
"810",26,"book","X",32,NA,"last","thin","X",0.73,"human","English","yes"
